,Reference ID,MHC Ligand ID,Allele,Epitope,Assay Method,Assay Units,Assay Value,Binder
2412,1447,22679,HLA-B*07:02,STTAICATGL,purified MHC - fluorescence,IC50 [nM],248100.0,Positive
2430,1447,22767,HLA-B*07:02,IATVDSYVI,purified MHC - fluorescence,IC50 [nM],218900.0,Positive
3498,200031,201324,HLA-DRB1*15:01,AEFQMTFHLFIAAFVGAAAT,purified MHC - radioactivity,IC50 [nM],85000.0,Positive
3504,200031,201331,HLA-DR53,ATGLCFFGVALFCGCGHEAL,purified MHC - radioactivity,IC50 [nM],157000.0,Positive
3505,200031,201332,HLA-DRB5*01:01,ATGLCFFGVALFCGCGHEAL,purified MHC - radioactivity,IC50 [nM],26000.0,Positive
3506,200031,201334,HLA-DR3,AVPVYIYFNTWTTCQSIAFP,purified MHC - radioactivity,IC50 [nM],136000.0,Positive
3509,200031,201338,HLA-DR52,AVPVYIYFNTWTTCQSIAFP,purified MHC - radioactivity,IC50 [nM],73000.0,Positive
3510,200031,201339,HLA-DR53,AVPVYIYFNTWTTCQSIAFP,purified MHC - radioactivity,IC50 [nM],59000.0,Positive
3531,200031,201363,HLA-DRB5*01:01,KFVGITYALTVVWLLVFACS,purified MHC - radioactivity,IC50 [nM],165000.0,Positive
3536,200031,201369,HLA-DR53,KGLSATVTGGQKGRGYRGQH,purified MHC - radioactivity,IC50 [nM],39000.0,Positive
3540,200031,201374,HLA-DRB1*15:01,LFCGCGHEALTGTEKLIETY,purified MHC - radioactivity,IC50 [nM],49000.0,Positive
3544,200031,201380,HLA-DRB1*15:01,LINVIHAFQYVIYGTASFFF,purified MHC - radioactivity,IC50 [nM],70000.0,Positive
3550,200031,201387,HLA-DR53,LVGAPFASLVATGLCFFGVA,purified MHC - radioactivity,IC50 [nM],94000.0,Positive
3580,200031,201424,HLA-DRB1*15:01,TGTEKLIETYFSKNYQDYEY,purified MHC - radioactivity,IC50 [nM],21000.0,Positive
3586,200031,201430,HLA-DR3,WTTCQSIAFPSKTSASIGSL,purified MHC - radioactivity,IC50 [nM],87000.0,Positive
3589,200031,201434,HLA-DR52,WTTCQSIAFPSKTSASIGSL,purified MHC - radioactivity,IC50 [nM],174000.0,Positive
11985,1316,1006528,HLA-DR4,AAAYAAAAAAKAAAA,purified MHC - fluorescence,IC50 [nM],27000.0,Positive
12214,1316,1006841,HLA-DR1,AEKYAAAAAAKAAAA,purified MHC - fluorescence,IC50 [nM],100000.0,Positive
12216,1316,1006843,HLA-DR1,AKEYAAAAAAKAAAA,purified MHC - fluorescence,IC50 [nM],66000.0,Positive
12218,1316,1006845,HLA-DR1,AKKYAAAAAAKAAAA,purified MHC - fluorescence,IC50 [nM],66000.0,Positive
12219,1316,1006846,HLA-DR4,AEAYAAAAAAKAAAA,purified MHC - fluorescence,IC50 [nM],40000.0,Positive
12222,1316,1006849,HLA-DR1,KEAYAAAAAAKAAAA,purified MHC - fluorescence,IC50 [nM],85000.0,Positive
12224,1316,1006851,HLA-DR1,AEEYAAAAAAKAAAA,purified MHC - fluorescence,IC50 [nM],80000.0,Positive
12226,1316,1006853,HLA-DR1,AAEYAAAAAAKAAAA,purified MHC - fluorescence,IC50 [nM],42000.0,Positive
12228,1316,1006855,HLA-DR1,EKAYAAAAAAKAAAA,purified MHC - fluorescence,IC50 [nM],130000.0,Positive
12232,1316,1006859,HLA-DR1,AAKYAEAAAAKAAAA,purified MHC - fluorescence,IC50 [nM],38000.0,Positive
12236,1316,1006863,HLA-DR1,EKKYAAAAAAKAAAA,purified MHC - fluorescence,IC50 [nM],56000.0,Positive
12238,1316,1006865,HLA-DR1,EAKYAAAAAAKAAAA,purified MHC - fluorescence,IC50 [nM],33000.0,Positive
12244,1316,1006871,HLA-DR4,AKEYAAAAAAAAAAA,purified MHC - fluorescence,IC50 [nM],130000.0,Positive
12246,315054,1006874,HLA-A*02:01,IMDKNIIL,purified MHC - radioactivity,IC50 [nM],21000.0,Positive
12247,1316,1006876,HLA-DR4,AKKYEAAAAAAAAAA,purified MHC - fluorescence,IC50 [nM],50000.0,Positive
12249,1316,1006878,HLA-DR4,AKKYAEAAAAAAAAA,purified MHC - fluorescence,IC50 [nM],78000.0,Positive
12251,1316,1006880,HLA-DR4,AEAYKAAAAAAAAAA,purified MHC - fluorescence,IC50 [nM],44000.0,Positive
12253,315054,1006882,HLA-A*02:01,IMDKNIILKA,purified MHC - radioactivity,IC50 [nM],43000.0,Positive
12258,1316,1006887,HLA-DR4,AAEYKAAAAAAAAAA,purified MHC - fluorescence,IC50 [nM],23000.0,Positive
12264,1316,1006893,HLA-DR4,AAKYAEAAAAAAAAA,purified MHC - fluorescence,IC50 [nM],60000.0,Positive
12266,1316,1006896,HLA-DR4,EKKYAAAAAAAAAAA,purified MHC - fluorescence,IC50 [nM],28000.0,Positive
12268,1316,1006898,HLA-DR4,EAKYAAAAAAAAAAA,purified MHC - fluorescence,IC50 [nM],100000.0,Positive
12270,1316,1006901,HLA-DR4,AEYAKAAAAAAAAAA,purified MHC - fluorescence,IC50 [nM],70000.0,Positive
12272,1316,1006903,HLA-DR4,AEKAYAAAAAAAAAA,purified MHC - fluorescence,IC50 [nM],100000.0,Positive
12274,1316,1006905,HLA-DR4,EKYAAAAAAAAAAAA,purified MHC - fluorescence,IC50 [nM],140000.0,Positive
12276,1316,1006907,HLA-DR4,AYKAEAAAAAAAAAA,purified MHC - fluorescence,IC50 [nM],78000.0,Positive
12278,1316,1006909,HLA-DR4,AKYAEAAAAAAAAAA,purified MHC - fluorescence,IC50 [nM],110000.0,Positive
12280,1316,1006911,HLA-DR4,APKYVKQNTLKLATA,purified MHC - fluorescence,IC50 [nM],28000.0,Positive
32945,1000430,1069541,HLA-DR1,VAKVKIKPLEDKILVQ,purified MHC - radioactivity,IC50 [nM],100000.0,Positive
32952,1000430,1069549,HLA-DR8,VAKVKIKPLEDKILVQ,purified MHC - radioactivity,IC50 [nM],100000.0,Positive
32953,1000430,1069550,HLA-DR9,VAKVKIKPLEDKILVQ,purified MHC - radioactivity,IC50 [nM],100000.0,Positive
32954,1000430,1069551,HLA-DR1,VAKVNIKPLEDKILVQ,purified MHC - radioactivity,IC50 [nM],100000.0,Positive
32992,1000430,1069594,HLA-DRB5,LEDKILVQANEAETTT,purified MHC - radioactivity,IC50 [nM],100000.0,Positive
32993,1000430,1069597,HLA-DR5,YNGEEYLILSARDVLAVVSK,purified MHC - radioactivity,IC50 [nM],100000.0,Positive
32994,1000430,1069598,HLA-DR5,YNGEEYLILSARDVLAVVSK,purified MHC - radioactivity,IC50 [nM],100000.0,Positive
32996,1000430,1069600,HLA-DR17,VAKVNIKPLEDKILVQ,purified MHC - radioactivity,IC50 [nM],100000.0,Positive
32997,1000430,1069601,HLA-DR17,PSGLVIPENAKEKPQE,purified MHC - radioactivity,IC50 [nM],100000.0,Positive
33017,1000430,1069621,HLA-DR7,LEDKILVQANEAETTT,purified MHC - radioactivity,IC50 [nM],100000.0,Positive
33024,1000430,1069630,HLA-DR8,VAKVNIKPLEDKILVQ,purified MHC - radioactivity,IC50 [nM],100000.0,Positive
33025,1000430,1069631,HLA-DR9,VAKVNIKPLEDKILVQ,purified MHC - radioactivity,IC50 [nM],100000.0,Positive
33028,1000430,1069634,HLA-DR14,LEDKILVQAGEAETMT,purified MHC - radioactivity,IC50 [nM],100000.0,Positive
33029,1000430,1069635,HLA-DR7,LEDKILVQAGEAETMT,purified MHC - radioactivity,IC50 [nM],100000.0,Positive
33041,1000430,1069655,HLA-DR7,ANEAETTTASGLVIPD,purified MHC - radioactivity,IC50 [nM],100000.0,Positive
33043,1000430,1069657,HLA-DR9,ANEAETTTASGLVIPD,purified MHC - radioactivity,IC50 [nM],100000.0,Positive
33048,1000430,1071407,HLA-DR8,PSGLVIPENAKEKPQE,purified MHC - radioactivity,IC50 [nM],100000.0,Positive
33049,1000430,1071408,HLA-DR9,PSGLVIPENAKEKPQE,purified MHC - radioactivity,IC50 [nM],100000.0,Positive
33093,1000430,1079134,HLA-DR11,KYGGTEIKYNGEEYLI,purified MHC - radioactivity,IC50 [nM],100000.0,Positive
36162,1000430,1100779,HLA-DR11,KYGGTEIKYNGEEYLI,purified MHC - radioactivity,IC50 [nM],100000.0,Positive
39723,1000430,1106290,HLA-DR14,EGDTVIYSKYGGTEIK,purified MHC - radioactivity,IC50 [nM],100000.0,Positive
39728,1000430,1106295,HLA-DR7,EGDTVIYSKYGGTEIK,purified MHC - radioactivity,IC50 [nM],100000.0,Positive
39729,1000430,1106296,HLA-DR7,EGDIVIYSKYGGTEI,purified MHC - radioactivity,IC50 [nM],100000.0,Positive
39732,1000430,1106299,HLA-DR8,GTVVAVGPGRWDEDGE,purified MHC - radioactivity,IC50 [nM],100000.0,Positive
39733,1000430,1106300,HLA-DR8,GTVVAVGPGRWDEDGA,purified MHC - radioactivity,IC50 [nM],100000.0,Positive
39734,1000430,1106301,HLA-DR8,KRIPLDVAEGDTVIYS,purified MHC - radioactivity,IC50 [nM],100000.0,Positive
39735,1000430,1106302,HLA-DR8,KRIPVDVSEGDIVIYS,purified MHC - radioactivity,IC50 [nM],100000.0,Positive
39736,1000430,1106303,HLA-DR8,EGDTVIYSKYGGTEIK,purified MHC - radioactivity,IC50 [nM],100000.0,Positive
39737,1000430,1106304,HLA-DR8,KYGGTEIKYNGEEYLI,purified MHC - radioactivity,IC50 [nM],100000.0,Positive
39738,1000430,1106305,HLA-DR8,KYGGTEIKYNGEEYLI,purified MHC - radioactivity,IC50 [nM],100000.0,Positive
39743,1000430,1106310,HLA-DR9,KRIPVDVSEGDIVIYS,purified MHC - radioactivity,IC50 [nM],100000.0,Positive
39744,1000430,1106311,HLA-DR9,EGDTVIYSKYGGTEIK,purified MHC - radioactivity,IC50 [nM],100000.0,Positive
39745,1000430,1106312,HLA-DR9,EGDIVIYSKYGGTEI,purified MHC - radioactivity,IC50 [nM],100000.0,Positive
39746,1000430,1106313,HLA-DR9,KYGGTEIKYNGEEYLI,purified MHC - radioactivity,IC50 [nM],100000.0,Positive
39747,1000430,1106314,HLA-DR9,KYGGTEIKYNGEEYLI,purified MHC - radioactivity,IC50 [nM],100000.0,Positive
66112,315341,1267524,HLA-DR3,RVVINKDTTIII,purified MHC - fluorescence,IC50 [nM],30000.0,Positive
66113,315341,1267525,HLA-DR6,RVVINKDTTIII,purified MHC - fluorescence,IC50 [nM],30000.0,Positive
66114,315341,1267526,HLA-DR5,RVVINKDTTIII,purified MHC - fluorescence,IC50 [nM],60000.0,Positive
66344,363,1271740,HLA-DR7,SAFAYGSFVRTVSL,purified MHC - fluorescence,IC50 [nM],210000.0,Positive-Intermediate
66353,363,1271776,HLA-DR7,SEFSYGSFVRTVSL,purified MHC - fluorescence,IC50 [nM],56000.0,Positive-Intermediate
66354,363,1271777,HLA-DR1,SEFSYGSFVRTVSL,purified MHC - fluorescence,IC50 [nM],28000.0,Positive-Intermediate
66360,363,1271788,HLA-DR11,SEFAAGSFVRTVSL,purified MHC - fluorescence,IC50 [nM],36000.0,Positive-Intermediate
66373,363,1271811,HLA-DR11,SEFAYGSAVRTVSL,purified MHC - fluorescence,IC50 [nM],24000.0,Positive-Intermediate
66398,363,1271851,HLA-DR13,SEFAYGSFVRTVAL,purified MHC - fluorescence,IC50 [nM],35000.0,Positive-Intermediate
66400,363,1271853,HLA-DR1,SEFAYGSFVRTVAL,purified MHC - fluorescence,IC50 [nM],46000.0,Positive-Intermediate
66401,363,1271854,HLA-DR15,SEFAYGSFVRTVAL,purified MHC - fluorescence,IC50 [nM],64000.0,Positive-Intermediate
67442,1000462,1315767,HLA-DRB1*03:01,GPKGRNVVLEKKWGAPTITN,purified MHC - fluorescence,IC50 [nM],30000.0,Positive
67457,1000462,1315786,HLA-DRB1*03:01,KVALEAPLKQIAFNSGLEPG,purified MHC - fluorescence,IC50 [nM],22000.0,Positive
67458,1000462,1315787,HLA-DRB1*03:01,ADPVKVTRSALQNAASIAGL,purified MHC - fluorescence,IC50 [nM],22000.0,Positive
67459,1000462,1315788,HLA-DRB1*03:01,EEVGLTLENADLSLLGKARK,purified MHC - fluorescence,IC50 [nM],25000.0,Positive
67460,1000462,1315789,HLA-DRB1*03:01,VEGAGDTDAIAGRVAQIRQE,purified MHC - fluorescence,IC50 [nM],28000.0,Positive
67461,1000462,1315790,HLA-DRB1*03:01,GVITVEESNTFGLQLELTEG,purified MHC - fluorescence,IC50 [nM],26000.0,Positive
67537,1000462,1316468,HLA-DRB1*03:01,THSWEYWGAQLNAMKGDLQS,purified MHC - fluorescence,IC50 [nM],25000.0,Positive
70843,1003067,1346886,HLA-DRB1*03:01,NGQIGNDPNRDIL,purified MHC - fluorescence,IC50 [nM],84000.0,Positive
70845,1003067,1346888,HLA-DRB1*03:01,NGQIGNDPNRKIL,purified MHC - fluorescence,IC50 [nM],26000.0,Positive
70846,1003067,1346889,HLA-DRB1*03:01,NGQIGNDPNREIL,purified MHC - fluorescence,IC50 [nM],42000.0,Positive
70848,1003066,1346964,HLA-DRB1*01:01,NNFTVSFWLRVPKVSASHLE,purified MHC - radioactivity,IC50 [nM],22000.0,Positive
70933,1003011,1347747,HLA-DR14,KKIAKMEKASSVFNVVNS,cell bound MHC - T cell response,IC50 [nM],67000.0,Positive
70951,1003011,1347790,HLA-DR11,DIEKKIAKMEKASSVFN,cell bound MHC - T cell response,IC50 [nM],32000.0,Positive
70953,1003011,1347796,HLA-DR11,DIEKKIAKMEKASSVF,cell bound MHC - T cell response,IC50 [nM],28000.0,Positive
70957,1003011,1347805,HLA-DR11,DIEKKIAKMEKASSV,cell bound MHC - T cell response,IC50 [nM],35000.0,Positive
70958,1003011,1347807,HLA-DR14,DIEKKIAKMEKASSV,cell bound MHC - T cell response,IC50 [nM],95000.0,Positive
70960,1003011,1347863,HLA-DR11,DIEKKIAKMEKASS,cell bound MHC - T cell response,IC50 [nM],160000.0,Positive
70972,1003011,1348505,HLA-DR14,FKKIAKMEKASSVFNVV,cell bound MHC - T cell response,IC50 [nM],85700.0,Positive
70974,1003011,1348508,HLA-DR11,FKKIAKMEKASSVFNVV,cell bound MHC - T cell response,IC50 [nM],36700.0,Positive
71001,1003011,1348592,HLA-DR14,EKKDAKMEKASSVFNVV,cell bound MHC - T cell response,IC50 [nM],26100.0,Positive
71031,1003011,1348655,HLA-DR14,EKKIAKKEKASSVFNVV,cell bound MHC - T cell response,IC50 [nM],25600.0,Positive
71034,1003011,1348661,HLA-DR14,EKKIAKDEKASSVFNVV,cell bound MHC - T cell response,IC50 [nM],26000.0,Positive
71047,1003011,1348689,HLA-DR14,EKKIAKMEGASSVFNVV,cell bound MHC - T cell response,IC50 [nM],130000.0,Positive
71056,1003011,1348706,HLA-DR11,EKKIAKMEKESSVFNVV,cell bound MHC - T cell response,IC50 [nM],54600.0,Positive
71057,1003011,1348710,HLA-DR11,EKKIAKMEKDSSVFNVV,cell bound MHC - T cell response,IC50 [nM],76100.0,Positive
71075,1003011,1348757,HLA-DR11,EKKIAKMEKASFVFNVV,cell bound MHC - T cell response,IC50 [nM],27500.0,Positive
71080,1003011,1348766,HLA-DR11,EKKIAKMEKASEVFNVV,cell bound MHC - T cell response,IC50 [nM],36700.0,Positive
71082,1003011,1348770,HLA-DR14,EKKIAKMEKASEVFNVV,cell bound MHC - T cell response,IC50 [nM],25800.0,Positive
71106,1003011,1348819,HLA-DR14,EKKIAKMEKASSVFEVV,cell bound MHC - T cell response,IC50 [nM],28900.0,Positive
71364,1003275,1350836,HLA-DRB1*15:01,LFAAFPSFAGLRPTFDTRLM,purified MHC - fluorescence,IC50 [nM],50000.0,Positive
71365,1003275,1350837,HLA-DRB1*09:01,LFAAFPSFAGLRPTFDTRLM,purified MHC - fluorescence,IC50 [nM],490000.0,Positive
71366,1003275,1350838,HLA-DRB1*16:02,LFAAFPSFAGLRPTFDTRLM,purified MHC - fluorescence,IC50 [nM],58000.0,Positive
71367,1003275,1350839,HLA-DRB1*01:01,LFAAFPSFAGLRPTFDTRLM,purified MHC - fluorescence,IC50 [nM],80000.0,Positive
71368,1003275,1350842,HLA-DRB1*04:01,LFAAFPSFAGLRPTFDTRLM,purified MHC - fluorescence,IC50 [nM],23000.0,Positive
71369,1003275,1350843,HLA-DRB1*14:02,LFAAFPSFAGLRPTFDTRLM,purified MHC - fluorescence,IC50 [nM],110000.0,Positive
71371,1003282,1350918,HLA-DR1,VPQLSTITPRWLLHL,purified MHC - fluorescence,IC50 [nM],100000.0,Positive
71372,1003282,1350919,HLA-DR15,VPQLSTITPRWLLHL,purified MHC - fluorescence,IC50 [nM],100000.0,Positive
71374,1003282,1350925,HLA-DR7,VPQLSTITPRWLLHL,purified MHC - fluorescence,IC50 [nM],100000.0,Positive
71375,1003282,1350926,HLA-DR8,VPQLSTITPRWLLHL,purified MHC - fluorescence,IC50 [nM],100000.0,Positive
71377,1003282,1350951,HLA-DR9,WLLHLLNWVPVEAGV,purified MHC - fluorescence,IC50 [nM],100000.0,Positive
71378,1003282,1350955,HLA-DR6,WLLHLLNWVPVEAGV,purified MHC - fluorescence,IC50 [nM],100000.0,Positive
71379,1003282,1350957,HLA-DR6,LNWVPVEAGVYRVNR,purified MHC - fluorescence,IC50 [nM],100000.0,Positive
71380,1003282,1350958,HLA-DR7,LNWVPVEAGVYRVNR,purified MHC - fluorescence,IC50 [nM],100000.0,Positive
71383,1003282,1350974,HLA-DR6,SPREYTLRTISTLLD,purified MHC - fluorescence,IC50 [nM],100000.0,Positive
71385,1003282,1350976,HLA-DR8,SPREYTLRTISTLLD,purified MHC - fluorescence,IC50 [nM],100000.0,Positive
71389,1003282,1351016,HLA-DR15,FGLLAQVTPEQTIRT,purified MHC - fluorescence,IC50 [nM],100000.0,Positive
71392,1003282,1351024,HLA-DRB5,PSFFLTHPQGIAAFG,purified MHC - fluorescence,IC50 [nM],100000.0,Positive
71394,1003282,1351029,HLA-DR1,PSFFLTHPQGIAAFG,purified MHC - fluorescence,IC50 [nM],100000.0,Positive
71395,1003282,1351030,HLA-DR8,PSFFLTHPQGIAAFG,purified MHC - fluorescence,IC50 [nM],100000.0,Positive
71402,1003282,1351044,HLA-DR8,FGAQFITWRGIPLI,purified MHC - fluorescence,IC50 [nM],100000.0,Positive
71403,1003282,1351054,HLA-DRB5,IPLIPSDKVPVQDGE,purified MHC - fluorescence,IC50 [nM],100000.0,Positive
71404,1003282,1351064,HLA-DR6,VQDGETKFILVLTGE,purified MHC - fluorescence,IC50 [nM],100000.0,Positive
71405,1003282,1351065,HLA-DR8,VQDGETKFILVLTGE,purified MHC - fluorescence,IC50 [nM],100000.0,Positive
71406,1003282,1351078,HLA-DRB5,TKFILVLTGEERQGV,purified MHC - fluorescence,IC50 [nM],100000.0,Positive
71411,1003282,1351087,HLA-DR6,TGTNQASDRTYLVTL,purified MHC - fluorescence,IC50 [nM],100000.0,Positive
71412,1003282,1351092,HLA-DR8,TGTNQASDRTYLVTL,purified MHC - fluorescence,IC50 [nM],100000.0,Positive
71413,1003282,1351097,HLA-DRB5,ASDRTYLVTLYTSLV,purified MHC - fluorescence,IC50 [nM],100000.0,Positive
71421,1003282,1351121,HLA-DR4,YLVTLYTSLVVLTDD,purified MHC - fluorescence,IC50 [nM],100000.0,Positive
71553,1003355,1352861,HLA-DRB5*01:01,QVHFQPLAAKAAAAS,purified MHC - fluorescence,IC50 [nM],30000.0,Positive
71560,1003355,1352868,HLA-DRB5*01:01,QVHFQPLAAAAAAKS,purified MHC - fluorescence,IC50 [nM],70000.0,Positive
71562,1003355,1352968,HLA-DR6,FQPLPPAVV,purified MHC - fluorescence,IC50 [nM],75000.0,Positive
71563,1003355,1352969,HLA-DR5,FQPLPPAVV,purified MHC - fluorescence,IC50 [nM],59000.0,Positive
71565,1003355,1352972,HLA-DR7,FQPLPPAVV,purified MHC - fluorescence,IC50 [nM],21000.0,Positive
71567,1003355,1352976,HLA-DR4,HFQPLPPAVVK,purified MHC - fluorescence,IC50 [nM],200000.0,Positive
71698,315024,1353716,HLA-DRB1*04:04,LIYDASNRAT,purified MHC - fluorescence,IC50 [nM],40000.0,Positive
71712,315024,1353734,HLA-DRB1*04:04,DYNFVKAINA,purified MHC - fluorescence,IC50 [nM],75000.0,Positive
71723,315024,1353746,HLA-DRB1*11:01,TPDFIVPLTDLRIPS,purified MHC - fluorescence,IC50 [nM],80000.0,Positive
71728,315024,1353753,HLA-DRB1*04:01,MGQKDSYVGDEAQSKR,purified MHC - fluorescence,IC50 [nM],50000.0,Positive
71730,315024,1353755,HLA-DRB1*04:02,MGQKDSYVGDEAQSKR,purified MHC - fluorescence,IC50 [nM],30000.0,Positive
71737,315024,1353762,HLA-DRB1*04:04,YPIEHGIVTNWDDM,purified MHC - fluorescence,IC50 [nM],50000.0,Positive
71739,315024,1353764,HLA-DRB1*11:01,YPIEHGIVTNWDDM,purified MHC - fluorescence,IC50 [nM],45000.0,Positive
71740,315024,1353765,HLA-DRB1*04:01,VAPEEHPVLLTEAPLNPKA,purified MHC - fluorescence,IC50 [nM],60000.0,Positive
71747,315024,1353773,HLA-DRB1*04:01,LANIAVDKAN,purified MHC - fluorescence,IC50 [nM],30000.0,Positive
71781,315024,1353891,HLA-DRB1*04:02,EEAVVEFDLPGIK,purified MHC - fluorescence,IC50 [nM],60000.0,Positive
71809,1003506,1354300,HLA-A*02:01,LLDDEAGPL,cell bound MHC - fluorescence,IC50 [nM],25000.0,Positive
71810,1003506,1354310,HLA-A*02:01,PLEEELPRL,cell bound MHC - fluorescence,IC50 [nM],25000.0,Positive
71836,1003506,1354690,HLA-A*02:01,ADLMGYIPLV,cell bound MHC - fluorescence,IC50 [nM],50000.0,Positive
71852,1003506,1354768,HLA-A*02:01,RLVTLKDIV,cell bound MHC - fluorescence,IC50 [nM],52000.0,Positive
71908,1003510,1356062,HLA-DRB1*01:01,ENITSGFLGPLLVLQ,purified MHC - fluorescence,IC50 [nM],22000.0,Positive
71911,1003510,1356065,HLA-DRB1*01:01,LTRILTIPQSLDSWW,purified MHC - fluorescence,IC50 [nM],50000.0,Positive
71913,1003510,1356067,HLA-DRB1*01:01,LDSWWTSLNFLGGSP,purified MHC - fluorescence,IC50 [nM],60000.0,Positive
71914,1003510,1356068,HLA-DRB1*01:01,YRWMCLRRFIIFLFI,purified MHC - fluorescence,IC50 [nM],50000.0,Positive
71919,1003510,1356074,HLA-DRB1*01:01,WLSLLVPFVQWFVGL,purified MHC - fluorescence,IC50 [nM],65000.0,Positive
71924,1003510,1356079,HLA-DRB1*03:01,AGFFLLTRILTIPQS,purified MHC - fluorescence,IC50 [nM],60000.0,Positive
71925,1003510,1356080,HLA-DRB1*03:01,LTRILTIPQSLDSWW,purified MHC - fluorescence,IC50 [nM],23000.0,Positive
71929,1003510,1356084,HLA-DRB1*03:01,PICPGYRWMCLRRFI,purified MHC - fluorescence,IC50 [nM],30000.0,Positive
71932,1003510,1356087,HLA-DRB1*03:01,SVRFSWLSLLVPFVQ,purified MHC - fluorescence,IC50 [nM],40000.0,Positive
71938,1003510,1356093,HLA-DRB1*11:01,ENITSGFLGPLLVLQ,purified MHC - fluorescence,IC50 [nM],70000.0,Positive
71957,1003510,1356112,HLA-DRB1*08:01,SVRFSWLSLLVPFVQ,purified MHC - fluorescence,IC50 [nM],60000.0,Positive
71972,1003510,1356127,HLA-DRB1*13:02,LTRILTIPQSLDSWW,purified MHC - fluorescence,IC50 [nM],45000.0,Positive
71976,1003510,1356131,HLA-DRB1*11:01,LDSWWTSLNFLGGSP,purified MHC - fluorescence,IC50 [nM],40000.0,Positive
71989,1003510,1356144,HLA-DRB1*15:01,GMLPVCPLIPGSTTT,purified MHC - fluorescence,IC50 [nM],25000.0,Positive
71993,1003510,1356148,HLA-DRB1*13:02,SVRFSWLSLLVPFVQ,purified MHC - fluorescence,IC50 [nM],70000.0,Positive
72005,1003510,1356160,HLA-DRB1*13:02,SIVSPFIPLLPIFFC,purified MHC - fluorescence,IC50 [nM],30000.0,Positive
72274,1003504,1356563,HLA-DR7,SPTSCPPTCPGYRWM,purified MHC - fluorescence,IC50 [nM],31800.0,Positive
72362,1003499,1357012,HLA-A*02:01,HLESLFTAV,purified MHC - fluorescence,IC50 [nM],33150.0,Positive
72363,1003499,1357013,HLA-A*02:01,DLVHFASPL,purified MHC - fluorescence,IC50 [nM],365600.0,Positive
72455,315167,1357406,HLA-DQA1*05:01/DQB1*02:01,RMATPLLMQAL,purified MHC - radioactivity,IC50 [nM],49950.0,Positive
72456,315167,1357407,HLA-DQA1*05:01/DQB1*02:01,KPPKPVSKMRMATPLLMQA,purified MHC - radioactivity,IC50 [nM],82500.0,Positive
72459,315167,1357410,HLA-DQA1*05:01/DQB1*02:01,AAPSVFIFPPSDEQLK,purified MHC - radioactivity,IC50 [nM],44300.0,Positive
72469,315167,1357422,HLA-DQA1*05:01/DQB1*02:01,EQEGPEYW,purified MHC - radioactivity,IC50 [nM],71852.0,Positive
72470,315167,1357423,HLA-DQA1*05:01/DQB1*02:01,QEGPEYW,purified MHC - radioactivity,IC50 [nM],167000.0,Positive
72484,315167,1357438,HLA-DQA1*05:01/DQB1*02:01,WIEQKGPEYW,purified MHC - radioactivity,IC50 [nM],61700.0,Positive
72495,315167,1357449,HLA-DQA1*05:01/DQB1*02:01,WIEQEGWEYW,purified MHC - radioactivity,IC50 [nM],23900.0,Positive
73524,1003940,1373343,HLA-DRB1*01:01,AAGDKPSLFGQAA,cell bound MHC - fluorescence,IC50 [nM],40000.0,Positive
73532,1003940,1373351,HLA-DRB5*01:01,GDKPSLFGQAAAG,cell bound MHC - fluorescence,IC50 [nM],30000.0,Positive
73540,1003940,1373359,HLA-DRB1*01:01,GDKPSLFGQAAAG,cell bound MHC - fluorescence,IC50 [nM],50000.0,Positive
73541,1003940,1373360,HLA-DRB5*01:01,KPSLFGQAAAGDK,cell bound MHC - fluorescence,IC50 [nM],35000.0,Positive
73549,1003940,1373368,HLA-DRB1*01:01,KPSLFGQAAAGDK,cell bound MHC - fluorescence,IC50 [nM],70000.0,Positive
73550,1003940,1373369,HLA-DRB5*01:01,KPPPFGQAAAGDK,cell bound MHC - fluorescence,IC50 [nM],25000.0,Positive
73567,1003940,1373386,HLA-DRB1*01:01,KPSPFGQAAAGDK,cell bound MHC - fluorescence,IC50 [nM],30000.0,Positive
73575,1003940,1373394,HLA-DQA1*05:01/DQB1*03:01,SPFGQAAAGDKPS,cell bound MHC - fluorescence,IC50 [nM],25000.0,Positive
73585,1003940,1373404,HLA-DRB1*01:01,FGQAAAGDKPSLF,cell bound MHC - fluorescence,IC50 [nM],40000.0,Positive
73601,1003940,1373482,HLA-DQA1*05:01/DQB1*03:01,SPFGQAKAGDKPS,cell bound MHC - fluorescence,IC50 [nM],60000.0,Positive
73603,1003940,1373484,HLA-DQA1*05:01/DQB1*03:01,SPFGQAAAKDKPS,cell bound MHC - fluorescence,IC50 [nM],30000.0,Positive
74493,1004257,1377708,H-2-IAb,VTGSVVCTTAAGNVNIAIGG,cell bound MHC - fluorescence,IC50 [nM],230000.0,Positive
74494,1004257,1377709,H-2-IAd,VTGSVVCTTAAGNVNIAIGG,cell bound MHC - fluorescence,IC50 [nM],326000.0,Positive
74599,1004707,1379656,HLA-A*24:02,VYYTSAFVF,cell bound MHC - fluorescence,IC50 [nM],35000.0,Positive
76555,1005200,1404930,HLA-DQ2,PQQPQQSFPQQQRP,purified MHC - radioactivity,IC50 [nM],61400.0,Positive
79859,1005134,1420891,HLA-DRB1*03:01,DKFKIFEAAFSES,purified MHC - fluorescence,IC50 [nM],100000.0,Positive
79860,1005134,1420892,HLA-DRB1*04:01,DKFKIFEAAFSES,purified MHC - fluorescence,IC50 [nM],22000.0,Positive
79863,1005134,1420895,HLA-DRB1*08:01,DKFKIFEAAFSES,purified MHC - fluorescence,IC50 [nM],40000.0,Positive
79870,1005134,1420902,HLA-DRB1*04:01,DAFVTALTEALRV,purified MHC - fluorescence,IC50 [nM],30000.0,Positive
79871,1005134,1420903,HLA-DRB1*11:01,DAFVTALTEALRV,purified MHC - fluorescence,IC50 [nM],100000.0,Positive
79873,1005134,1420905,HLA-DRB1*08:01,DAFVTALTEALRV,purified MHC - fluorescence,IC50 [nM],100000.0,Positive
79881,1005134,1420913,HLA-DRB1*03:01,AVFEAALTKAITA,purified MHC - fluorescence,IC50 [nM],100000.0,Positive
79882,1005134,1420914,HLA-DRB1*04:01,AVFEAALTKAITA,purified MHC - fluorescence,IC50 [nM],55000.0,Positive
80062,1005395,1422321,HLA-DQA1*05:01/DQB1*02:01,LQPFPEPELPY + METH(Y11),purified MHC - radioactivity,IC50 [nM],30000.0,Positive
80067,1005395,1422345,HLA-DQA1*05:01/DQB1*02:01,AAIAAVKEEAF + METH(V6),purified MHC - radioactivity,IC50 [nM],60000.0,Positive
80072,1005395,1422350,HLA-DQA1*05:01/DQB1*02:01,AAIAAVKEEAF + METH(F11),purified MHC - radioactivity,IC50 [nM],30000.0,Positive
80074,1005395,1422363,HLA-DQA1*05:01/DQB1*02:01,LQPFPQPELPY + ISO(P3),purified MHC - radioactivity,IC50 [nM],25000.0,Positive
103138,1005368,1460636,HLA-DRB1*03:01,PSPVRDHYILYCEGEL,purified MHC - fluorescence,IC50 [nM],25920.0,Positive
103508,1005381,1462919,HLA-DQA1*05:01/DQB1*02:01,IIQPEQPAQL,purified MHC - radioactivity,IC50 [nM],25000.0,Positive
103509,1005381,1462920,HLA-DQA1*05:01/DQB1*02:01,GIIQPEQPAQL,purified MHC - radioactivity,IC50 [nM],25000.0,Positive
103511,1005381,1462922,HLA-DQA1*05:01/DQB1*02:01,IQPEQPAQL,purified MHC - radioactivity,IC50 [nM],25000.0,Positive
103512,1005381,1462923,HLA-DQA1*05:01/DQB1*02:01,IIQPEKPAQL,purified MHC - radioactivity,IC50 [nM],25000.0,Positive
103519,1005381,1462930,HLA-DQA1*05:01/DQB1*02:01,FSQPQQEFPQPQ,purified MHC - radioactivity,IC50 [nM],25000.0,Positive
103520,1005381,1462931,HLA-DQA1*05:01/DQB1*02:01,FSQPEKEFPQPQ,purified MHC - radioactivity,IC50 [nM],25000.0,Positive
103521,1005381,1462932,HLA-DQA1*05:01/DQB1*02:01,PEQPFPQQPEQPY,purified MHC - radioactivity,IC50 [nM],25000.0,Positive
103522,1005381,1462933,HLA-DQA1*05:01/DQB1*02:01,FSQPEQEFPQPQ,purified MHC - radioactivity,IC50 [nM],25000.0,Positive
103523,1005381,1462934,HLA-DQA1*05:01/DQB1*02:01,FPEQPQQPYPQQP,purified MHC - radioactivity,IC50 [nM],100000.0,Positive
103524,1005381,1462935,HLA-DQA1*05:01/DQB1*02:01,FPQQPEQPYPQQP,purified MHC - radioactivity,IC50 [nM],50000.0,Positive
103525,1005381,1462936,HLA-DQA1*05:01/DQB1*02:01,FPQQPQQPYPEQP,purified MHC - radioactivity,IC50 [nM],50000.0,Positive
103526,1005381,1462937,HLA-DQA1*05:01/DQB1*02:01,PEQPEQPYPEQ,purified MHC - radioactivity,IC50 [nM],50000.0,Positive
103527,1005381,1462938,HLA-DQA1*05:01/DQB1*02:01,PEQPEKPYPEQ,purified MHC - radioactivity,IC50 [nM],50000.0,Positive
103528,1005381,1462939,HLA-DQA1*05:01/DQB1*02:01,FSQPEQQFPQPQ,purified MHC - radioactivity,IC50 [nM],50000.0,Positive
103529,1005381,1462940,HLA-DQA1*05:01/DQB1*02:01,FSQPKQEFPQPQ,purified MHC - radioactivity,IC50 [nM],50000.0,Positive
103530,1005381,1462941,HLA-DQA1*05:01/DQB1*02:01,FSQPEQKFPQPQ,purified MHC - radioactivity,IC50 [nM],50000.0,Positive
103531,1005381,1462942,HLA-DQA1*05:01/DQB1*02:01,PEQPFPQQPQQPY,purified MHC - radioactivity,IC50 [nM],50000.0,Positive
103532,1005381,1462943,HLA-DQA1*05:01/DQB1*02:01,PQQPFPEQPQQPY,purified MHC - radioactivity,IC50 [nM],50000.0,Positive
103533,1005381,1462944,HLA-DQA1*05:01/DQB1*02:01,PEQPFPEQPEQ,purified MHC - radioactivity,IC50 [nM],50000.0,Positive
103534,1005381,1462945,HLA-DQA1*05:01/DQB1*02:01,PEQPKPEQPEQ,purified MHC - radioactivity,IC50 [nM],100000.0,Positive
103535,1005381,1462946,HLA-DQA1*05:01/DQB1*02:01,PEQPFKEQPEQ,purified MHC - radioactivity,IC50 [nM],150000.0,Positive
103537,1005381,1463018,HLA-DQA1*02:01/DQB1*02:02,QLQPFPQPQLPY + DEAM(Q9),purified MHC - radioactivity,IC50 [nM],22000.0,Positive
103538,1005381,1463023,HLA-DQA1*05:01/DQB1*02:01,PQQPFPQQPQQ + DEAM(Q7),purified MHC - radioactivity,IC50 [nM],71000.0,Positive
103541,1005381,1463029,HLA-DQA1*02:01/DQB1*02:02,PQPQLPYPQPQLPY + DEAM(Q4),purified MHC - radioactivity,IC50 [nM],42000.0,Positive
103542,1005381,1463030,HLA-DQA1*02:01/DQB1*02:02,PQPQLPYPQPQLPY + DEAM(Q11),purified MHC - radioactivity,IC50 [nM],60000.0,Positive
103544,1005381,1463053,HLA-DQA1*02:01/DQB1*02:02,FPQQPQQPYPQQ + DEAM(Q6),purified MHC - radioactivity,IC50 [nM],50000.0,Positive
103545,1005381,1463054,HLA-DQA1*05:01/DQB1*02:01,FPQQPQQPYPQQ + DEAM(Q6),purified MHC - radioactivity,IC50 [nM],28000.0,Positive
103555,1005189,1463212,HLA-DQ,PQQPQQSFPQQQR,purified MHC - radioactivity,IC50 [nM],61400.0,Positive
103766,1005222,1470380,HLA-DRB1*15:01,KFDSKKPKEDPGPARVIYTY,purified MHC - fluorescence,IC50 [nM],85000.0,Positive
103767,1005222,1470382,HLA-DRB1*15:02,KFDSKKPKEDPGPARVIYTY,purified MHC - fluorescence,IC50 [nM],85000.0,Positive
103770,315120,1471293,HLA-DRB3*03:01,TPQLTKNAGVLT,cell bound MHC - fluorescence,IC50 [nM],70000.0,Positive
103772,315120,1471317,HLA-DRB3*03:01,TPQLAKNAGVLT,cell bound MHC - fluorescence,IC50 [nM],50000.0,Positive
103773,315120,1471320,HLA-DRB3*03:01,TPQLTANAGVLT,cell bound MHC - fluorescence,IC50 [nM],50000.0,Positive
103775,315120,1471324,HLA-DRB3*03:01,TPQLTKNSGVLT,cell bound MHC - fluorescence,IC50 [nM],130000.0,Positive
103776,315120,1471326,HLA-DRB3*03:01,TPQLTKNASVLT,cell bound MHC - fluorescence,IC50 [nM],80000.0,Positive
103777,315120,1471327,HLA-DRB3*03:01,TPQLTKNAGSLT,cell bound MHC - fluorescence,IC50 [nM],175000.0,Positive
103778,315120,1471329,HLA-DRB3*03:01,TPQLTKNAGVST,cell bound MHC - fluorescence,IC50 [nM],135000.0,Positive
103779,315120,1471332,HLA-DRB3*03:01,TPNLTKNAGVLT,cell bound MHC - fluorescence,IC50 [nM],60000.0,Positive
103780,315120,1471333,HLA-DRB3*03:01,TPQVTKNAGVLT,cell bound MHC - fluorescence,IC50 [nM],80000.0,Positive
103781,315120,1471335,HLA-DRB3*03:01,TPQLVKNAGVLT,cell bound MHC - fluorescence,IC50 [nM],75000.0,Positive
103782,315120,1471337,HLA-DRB3*03:01,TPQLTRNAGVLT,cell bound MHC - fluorescence,IC50 [nM],60000.0,Positive
103784,315120,1471342,HLA-DRB3*03:01,TPQLTKNGGVLT,cell bound MHC - fluorescence,IC50 [nM],120000.0,Positive
104402,1007583,1483818,HLA-DR1,AMMIARFKMFPEVKEKGMAA,purified MHC - fluorescence,IC50 [nM],2590000.0,Positive
104403,1007583,1483824,HLA-DR3,AMMIARFKMFPEVKEKGMAA,purified MHC - fluorescence,IC50 [nM],16020000.0,Positive
104404,1007583,1483825,HLA-DR4,AMMIARFKMFPEVKEKGMAA,purified MHC - fluorescence,IC50 [nM],20000000.0,Positive
104405,1007583,1483826,HLA-DR3,FIEWLKVKILPEVKEKHEFL,purified MHC - fluorescence,IC50 [nM],16500000.0,Positive
104406,1007583,1483827,HLA-DR1,FIEWLKVKILPEVKEKHEFL,purified MHC - fluorescence,IC50 [nM],1870000.0,Positive
104407,1007583,1483828,HLA-DR4,FIEWLKVKILPEVKEKHEFL,purified MHC - fluorescence,IC50 [nM],19800000.0,Positive
104408,1007583,1483829,HLA-DR3,FIEWLKVKILPEVREKHEFL,purified MHC - fluorescence,IC50 [nM],5880000.0,Positive
104409,1007583,1483830,HLA-DR1,FIEWLKVKILPEVREKHEFL,purified MHC - fluorescence,IC50 [nM],1360000.0,Positive
104410,1007583,1483831,HLA-DR4,FIEWLKVKILPEVREKHEFL,purified MHC - fluorescence,IC50 [nM],16600000.0,Positive
104411,1007583,1483832,HLA-DR3,FIDWLRERIIPQARDKLEFV,purified MHC - fluorescence,IC50 [nM],660000.0,Positive
104412,1007583,1483833,HLA-DR1,FIDWLRERIIPQARDKLEFV,purified MHC - fluorescence,IC50 [nM],2400000.0,Positive
104413,1007583,1483834,HLA-DR4,FIDWLRERIIPQARDKLEFV,purified MHC - fluorescence,IC50 [nM],11000000.0,Positive
104414,1007583,1483835,HLA-DR3,FKMFPEVKEKGM,purified MHC - fluorescence,IC50 [nM],18000000.0,Positive
104417,1007583,1483848,HLA-DR3,VKILPEVKEKHE,purified MHC - fluorescence,IC50 [nM],15000000.0,Positive
104420,1007583,1483851,HLA-DR3,VKILPEVREKHE,purified MHC - fluorescence,IC50 [nM],16800000.0,Positive
104423,1007583,1483854,HLA-DR3,ERIIPQARDKLE,purified MHC - fluorescence,IC50 [nM],4800000.0,Positive
104427,1007583,1483867,HLA-DR3,VKILPDVKEKHE,purified MHC - fluorescence,IC50 [nM],600000.0,Positive
104446,1008043,1484281,BoLA-DRB3*2703,ISQAVHAAHAEIN,purified MHC - fluorescence,IC50 [nM],26920.0,Positive-High
104448,1008043,1484283,BoLA-DRB3*2703,ISQAVHAAHAEINEAGR,purified MHC - fluorescence,IC50 [nM],72220.0,Positive-High
104450,1008043,1484285,BoLA-DRB3*2703,SIINNYYMQQYQNSM,purified MHC - fluorescence,IC50 [nM],46460.0,Positive-High
104773,1007465,1486269,HLA-DRB1*04:01,IQKFIEWLKVKILPEVKEKH,purified MHC - fluorescence,IC50 [nM],42000.0,Positive
104777,1007465,1486273,HLA-DRB1*04:01,KVKILPEVKEKHEFLNRLKQ,purified MHC - fluorescence,IC50 [nM],88000.0,Positive
104780,1007465,1486276,HLA-DQA1*03:01/DQB1*03:02,KVKILPEVKEKHEFLNRLKQ,purified MHC - fluorescence,IC50 [nM],53000.0,Positive
104781,1007465,1486277,HLA-DRB1*04:01,KEKHEFLNRLKQLPLLESQI,purified MHC - fluorescence,IC50 [nM],38000.0,Positive
104784,1007465,1486280,HLA-DQA1*03:01/DQB1*03:02,KEKHEFLNRLKQLPLLESQI,purified MHC - fluorescence,IC50 [nM],98000.0,Positive
104796,1007465,1486292,HLA-DQA1*03:01/DQB1*03:02,QSAPSQSDQEQLFSNVQYFA,purified MHC - fluorescence,IC50 [nM],32000.0,Positive
104805,1007465,1486301,HLA-DRB1*04:01,KYAPLYAAEAKRVFSLEKKM,purified MHC - fluorescence,IC50 [nM],75000.0,Positive
104813,1007465,1486309,HLA-DRB1*04:01,EKKMSNYIQFKSKCRIEPVC,purified MHC - fluorescence,IC50 [nM],25000.0,Positive
104819,1007465,1486317,HLA-DRB1*04:01,EPVCLLLHGSPGAGKSVATN,purified MHC - fluorescence,IC50 [nM],33000.0,Positive
104822,1007465,1486321,HLA-DRB1*04:01,GSPGAGKSVATNLIGRSLAE,purified MHC - fluorescence,IC50 [nM],24000.0,Positive
104825,1007465,1486324,HLA-DQA1*03:01/DQB1*03:02,GSPGAGKSVATNLIGRSLAE,purified MHC - fluorescence,IC50 [nM],60000.0,Positive
104830,1007465,1486329,HLA-DRB1*04:01,SLAEKLNSSVYSLPPDPDHF,purified MHC - fluorescence,IC50 [nM],30000.0,Positive
104832,1007465,1486331,HLA-DQA1*05:01/DQB1*02:01,SLAEKLNSSVYSLPPDPDHF,purified MHC - fluorescence,IC50 [nM],23000.0,Positive
104833,1007465,1486332,HLA-DQA1*03:01/DQB1*03:02,SLAEKLNSSVYSLPPDPDHF,purified MHC - fluorescence,IC50 [nM],66000.0,Positive
104856,1007465,1486355,HLA-DQA1*05:01/DQB1*02:01,MVSSVDFVPPMAALEEKGIL,purified MHC - fluorescence,IC50 [nM],34000.0,Positive
104858,1007465,1486357,HLA-DRB1*04:01,PPMAALEEKGILFTSPFVLA,purified MHC - fluorescence,IC50 [nM],55000.0,Positive
104860,1007465,1486359,HLA-DQA1*05:01/DQB1*02:01,PPMAALEEKGILFTSPFVLA,purified MHC - fluorescence,IC50 [nM],42000.0,Positive
104861,1007465,1486360,HLA-DQA1*03:01/DQB1*03:02,PPMAALEEKGILFTSPFVLA,purified MHC - fluorescence,IC50 [nM],40000.0,Positive
104864,1007465,1486363,HLA-DQA1*05:01/DQB1*02:01,KGILFTSPFVLASTNAGSIN,purified MHC - fluorescence,IC50 [nM],44000.0,Positive
104869,1007465,1486369,HLA-DRB1*04:01,GSINAPTVSDSRALARRFHF,purified MHC - fluorescence,IC50 [nM],21000.0,Positive
104882,1007465,1486383,HLA-DQA1*05:01/DQB1*02:01,EVISMYSQNGKINMPMSVKT,purified MHC - fluorescence,IC50 [nM],22000.0,Positive
104887,1007465,1486388,HLA-DQA1*03:01/DQB1*03:02,NGKINMPMSVKTCDEECCPV,purified MHC - fluorescence,IC50 [nM],53000.0,Positive
104892,1007465,1486393,HLA-DRB1*04:01,CCPVNFKKCCPLVCGKAIQF,purified MHC - fluorescence,IC50 [nM],36000.0,Positive
104895,1007465,1486397,HLA-DRB1*04:01,CCPLVCGKAIQFIDRRTQVR,purified MHC - fluorescence,IC50 [nM],21000.0,Positive
105082,1007212,1492195,H-2-IAg7,ATAEQLKTVMDD,purified MHC - radioactivity,IC50 [nM],32000.0,Positive
105084,1007212,1492197,H-2-IAg7,HLVEALYLVCGERG,purified MHC - radioactivity,IC50 [nM],98300.0,Positive
105088,1007212,1492211,H-2-IAg7,AMKDHGLDNYRGYSL,purified MHC - radioactivity,IC50 [nM],90000.0,Positive
105091,1007212,1492214,H-2-IAg7,AMKRHGNDNYRGYSL,purified MHC - radioactivity,IC50 [nM],51700.0,Positive
105094,1007212,1492217,H-2-IAg7,AMKRHGLDLYRGYSL,purified MHC - radioactivity,IC50 [nM],24700.0,Positive
105095,1007212,1492218,H-2-IAg7,AMKRHGLDEYRGYSL,purified MHC - radioactivity,IC50 [nM],121700.0,Positive
105096,1007212,1492220,H-2-IAg7,AMKRHGLDNARGYSL,purified MHC - radioactivity,IC50 [nM],45000.0,Positive
105100,1007212,1492224,H-2-IAg7,AMKRHGLDNYRKYSL,purified MHC - radioactivity,IC50 [nM],26000.0,Positive
105197,1011874,1493452,HLA-DRB1*15:01,PQPQLPYPQPELPY,purified MHC - radioactivity,IC50 [nM],21163.0,Positive
105420,1007987,1495286,HLA-DR1,IIRFDENGVLLNNSF,purified MHC - fluorescence,IC50 [nM],99000.0,Positive
105421,1007987,1495287,HLA-DR4,IIRFDENGVLLNNSF,purified MHC - fluorescence,IC50 [nM],500000.0,Positive
105422,1007987,1495288,HLA-DR1,LLDFLAMHLWRAVVR,purified MHC - fluorescence,IC50 [nM],50000.0,Positive
105423,1007987,1495289,HLA-DR4,LLDFLAMHLWRAVVR,purified MHC - fluorescence,IC50 [nM],450000.0,Positive
105424,1007987,1495290,HLA-DR1,VDCYINLGARWSLDY,purified MHC - fluorescence,IC50 [nM],110000.0,Positive
105425,1007987,1495291,HLA-DR4,VDCYINLGARWSLDY,purified MHC - fluorescence,IC50 [nM],200000.0,Positive
105427,1007987,1495293,HLA-DR4,VDPMDEPTLLYVLFE,purified MHC - fluorescence,IC50 [nM],140000.0,Positive
105429,1007987,1495295,HLA-DR4,FQRPTISSNSHAIFR,purified MHC - fluorescence,IC50 [nM],460000.0,Positive
105893,1013071,1498331,H-2-IEd,LIWVGINTRNMTMSM,purified MHC - radioactivity,IC50 [nM],31407.0,Positive
105910,1013071,1498406,H-2-IAd,RGVRSLSNKIKQKTK,purified MHC - radioactivity,IC50 [nM],38215.0,Positive
105915,1013071,1498411,H-2-IEd,KTKQIGNRPGPSRGV,purified MHC - radioactivity,IC50 [nM],33245.0,Positive
105936,1013071,1498432,H-2-IAd,PRQGLAVLRKVKRVV,purified MHC - radioactivity,IC50 [nM],22243.0,Positive
105950,1013071,1498446,H-2-IAd,SHDVLTVQFLILGML,purified MHC - radioactivity,IC50 [nM],29907.0,Positive
105964,1013071,1498460,H-2-IAd,EKWMTGRMGERQLQK,purified MHC - radioactivity,IC50 [nM],20419.0,Positive
105965,1013071,1498461,H-2-IEd,EKWMTGRMGERQLQK,purified MHC - radioactivity,IC50 [nM],20683.0,Positive
105981,1013071,1498477,H-2-IEd,IAYLVGSNMTQRVVI,purified MHC - radioactivity,IC50 [nM],29666.0,Positive
106556,1005282,1508012,HLA-DQA1*05:01/DQB1*02:01,LGQQQPFPPQQPYPQPQP,purified MHC - radioactivity,IC50 [nM],122400.0,Positive
106557,1005282,1508013,HLA-DQA1*05:01/DQB1*02:01,LGQQQPFPPQQPYPQPQ,purified MHC - radioactivity,IC50 [nM],98100.0,Positive
106558,1005282,1508014,HLA-DQA1*05:01/DQB1*02:01,LGQQQPFPPQQPYPQP,purified MHC - radioactivity,IC50 [nM],64100.0,Positive
106559,1005282,1508015,HLA-DQA1*05:01/DQB1*02:01,LGQQQPFPPQQPYPQ,purified MHC - radioactivity,IC50 [nM],88100.0,Positive
106561,1005282,1508017,HLA-DQA1*05:01/DQB1*02:01,LGQQQPFPPQQPY,purified MHC - radioactivity,IC50 [nM],139300.0,Positive
106563,1005282,1508019,HLA-DQA1*05:01/DQB1*02:01,LGQQQPFPPQQ,purified MHC - radioactivity,IC50 [nM],166700.0,Positive
106566,1005282,1508028,HLA-DQA1*05:01/DQB1*02:01,FLGQQQPFPPQQPYPQPQ,purified MHC - radioactivity,IC50 [nM],36200.0,Positive
106567,1005282,1508029,HLA-DQA1*05:01/DQB1*02:01,GQQQPFPPQQPYPQPQ,purified MHC - radioactivity,IC50 [nM],127700.0,Positive
106568,1005282,1508030,HLA-DQA1*05:01/DQB1*02:01,QQQPFPPQQPYPQPQ,purified MHC - radioactivity,IC50 [nM],135300.0,Positive
106569,1005282,1508031,HLA-DQA1*05:01/DQB1*02:01,QQPFPPQQPYPQPQ,purified MHC - radioactivity,IC50 [nM],163100.0,Positive
106570,1005282,1508032,HLA-DQA1*05:01/DQB1*02:01,QPFPPQQPYPQPQ,purified MHC - radioactivity,IC50 [nM],115900.0,Positive
106572,1005282,1508034,HLA-DQA1*05:01/DQB1*02:01,LGQQQPFPPQQPFPQPQ,purified MHC - radioactivity,IC50 [nM],130900.0,Positive
106574,1005282,1508036,HLA-DQA1*05:01/DQB1*02:01,LGQPQPFPPQQPFPQPQ,purified MHC - radioactivity,IC50 [nM],88100.0,Positive
106575,1005282,1508041,HLA-DQA1*05:01/DQB1*02:01,FPGQQQPFPPQQPYPQPQPF,purified MHC - radioactivity,IC50 [nM],101000.0,Positive
106576,1005282,1508043,HLA-DQA1*05:01/DQB1*02:01,FPGQQQQFPPQQPYPQPQPF,purified MHC - radioactivity,IC50 [nM],85000.0,Positive
106591,1005282,1508111,HLA-DQA1*05:01/DQB1*02:01,LGQQQPFPPQQPYPQPQPF,purified MHC - radioactivity,IC50 [nM],88700.0,Positive
106743,1005692,1509453,HLA-DQA1*05:01/DQB1*02:01,QPEQPQQSKPEQERP,purified MHC - radioactivity,IC50 [nM],50000.0,Positive
131511,1013416,1581935,HLA-DRB1*04:06,NRDLAQAYNELSGEA,cell bound MHC - T cell response,IC50 [nM],80000.0,Positive
132275,1008225,1586534,HLA-DRB1*04:01,VHFFKNIVT,purified MHC - fluorescence,IC50 [nM],25800.0,Positive
132276,1008225,1586535,HLA-DRB1*01:01,PKYVK + AMID(5),purified MHC - fluorescence,IC50 [nM],46000.0,Positive
132277,1008225,1586536,HLA-DRB1*04:01,PKYVK + AMID(5),purified MHC - fluorescence,IC50 [nM],100000.0,Positive
132279,1008225,1586538,HLA-DRB1*04:01,PKYVKQ + AMID(6),purified MHC - fluorescence,IC50 [nM],30000.0,Positive
132287,1008225,1586548,HLA-DRB1*01:01,PKYVKQNT + AMID(8),purified MHC - fluorescence,IC50 [nM],92000.0,Positive
132288,1008225,1586549,HLA-DRB1*04:01,PKYVKQNT + AMID(8),purified MHC - fluorescence,IC50 [nM],45000.0,Positive
132341,1008225,1586683,HLA-DRB1*04:01,AAAAAAKAAAAAA,purified MHC - fluorescence,IC50 [nM],30000.0,Positive
132390,1008225,1586787,HLA-DRB1*01:01,"AAYAAAKAAAAAA + D-aa(1, 2, 3, 4, 5, 6, 7, 8, 9, 10, 11, 12, 13)",purified MHC - fluorescence,IC50 [nM],21000.0,Positive
132391,1008225,1586788,HLA-DRB1*04:01,"AAAAAAKAAAYAA + D-aa(1, 2, 3, 4, 5, 6, 7, 8, 9, 10, 11, 12, 13)",purified MHC - fluorescence,IC50 [nM],31000.0,Positive
132416,1008225,1586814,HLA-DRB1*04:01,RRFAAAAAAAAAR + RED(3),purified MHC - fluorescence,IC50 [nM],60000.0,Positive
132421,1008225,1586819,HLA-DRB1*04:01,RRFAAAAAAAAAR + RED(6),purified MHC - fluorescence,IC50 [nM],60000.0,Positive
153039,1007561,1636503,H-2-IAg7,LKKMRFIIGWPGGSG,cell bound MHC - fluorescence,IC50 [nM],50000.0,Positive
153040,1007561,1636504,"H-2-IAg7 H56P, S57D mutant",LKKMRFIIGWPGGSG,cell bound MHC - fluorescence,IC50 [nM],50000.0,Positive
153041,1007561,1636506,H-2-IAg7,KKGAAAIGIGTDSVI,cell bound MHC - fluorescence,IC50 [nM],50000.0,Positive
153042,1007561,1636507,"H-2-IAg7 H56P, S57D mutant",KKGAAAIGIGTDSVI,cell bound MHC - fluorescence,IC50 [nM],501000.0,Positive
153043,1007561,1636509,H-2-IAg7,PLQCSALLVREEGLM,cell bound MHC - fluorescence,IC50 [nM],50000.0,Positive
153045,1007561,1636512,H-2-IAg7,ISNPAATHQDIDFLI,cell bound MHC - fluorescence,IC50 [nM],501000.0,Positive
153046,1007561,1636513,"H-2-IAg7 H56P, S57D mutant",ISNPAATHQDIDFLI,cell bound MHC - fluorescence,IC50 [nM],501000.0,Positive
153058,1007561,1636527,H-2-IAg7,WLMWRAKGTTGFEAH,cell bound MHC - fluorescence,IC50 [nM],501000.0,Positive
153059,1007561,1636528,"H-2-IAg7 H56P, S57D mutant",WLMWRAKGTTGFEAH,cell bound MHC - fluorescence,IC50 [nM],50000.0,Positive
153060,1007561,1636530,H-2-IAg7,LVSATAGTTVYGAFD,cell bound MHC - fluorescence,IC50 [nM],501000.0,Positive
153061,1007561,1636531,"H-2-IAg7 H56P, S57D mutant",LVSATAGTTVYGAFD,cell bound MHC - fluorescence,IC50 [nM],50000.0,Positive
153890,1014441,1638002,H-2-IAg7,SPGDLQTLALEVARQKRG,purified MHC - fluorescence,IC50 [nM],98900.0,Positive
153892,1014441,1638004,H-2-IAg7,GAGDLQTLALEVAQQKRG,purified MHC - fluorescence,IC50 [nM],135900.0,Positive
153916,1014497,1638185,HLA-DR4,FGSEDGSGDSENPGRARAWC,purified MHC - fluorescence,IC50 [nM],62000.0,Positive
153917,1014497,1638186,HLA-DR1,ENPGRARAWCQVAQKFTGGI,purified MHC - fluorescence,IC50 [nM],30000.0,Positive
153925,1014497,1638194,HLA-DR1,GNKLCALLYGDAEKPAESGG,purified MHC - fluorescence,IC50 [nM],34000.0,Positive
153927,1014497,1638196,HLA-DR3,GNKLCALLYGDAEKPAESGG,purified MHC - fluorescence,IC50 [nM],92000.0,Positive
153934,1014497,1638203,HLA-DR2,SQPPRAAARKAACACDQKPC,purified MHC - fluorescence,IC50 [nM],30000.0,Positive
153937,1014497,1638206,HLA-DR1,AACACDQKPCSCSKVDVNYA,purified MHC - fluorescence,IC50 [nM],46000.0,Positive
153938,1014497,1638207,HLA-DR2,AACACDQKPCSCSKVDVNYA,purified MHC - fluorescence,IC50 [nM],37000.0,Positive
153939,1014497,1638208,HLA-DR3,AACACDQKPCSCSKVDVNYA,purified MHC - fluorescence,IC50 [nM],50000.0,Positive
153946,1014497,1638215,HLA-DR1,FLHATDLLPACDGERPTLAF,purified MHC - fluorescence,IC50 [nM],70000.0,Positive
153956,1014497,1638225,HLA-DR3,LQDVMNILLQYVVKSFDRST,purified MHC - fluorescence,IC50 [nM],30000.0,Positive
153961,1014497,1638230,HLA-DR3,YVVKSFDRSTKVIDFHYPNE,purified MHC - fluorescence,IC50 [nM],30000.0,Positive
153967,1014497,1638236,HLA-DR1,LLQEYNWELADQPQNLEEIL,purified MHC - fluorescence,IC50 [nM],41000.0,Positive
153977,1014497,1638246,HLA-DR3,MHCQTTLKYAIKTGHPRYFN,purified MHC - fluorescence,IC50 [nM],30000.0,Positive
153990,1014497,1638259,HLA-DR3,LAADWLTSTANTNMFTYEIA,purified MHC - fluorescence,IC50 [nM],70000.0,Positive
153991,1014497,1638260,HLA-DR4,LAADWLTSTANTNMFTYEIA,purified MHC - fluorescence,IC50 [nM],41000.0,Positive
153992,1014497,1638261,HLA-DR3,LAADWLTSTANTNMFTYEIA,purified MHC - fluorescence,IC50 [nM],70000.0,Positive
153995,1014497,1638264,HLA-DR3,NTNMFTYEIAPVFVLLEYVT,purified MHC - fluorescence,IC50 [nM],70000.0,Positive
153996,1014497,1638265,HLA-DR4,NTNMFTYEIAPVFVLLEYVT,purified MHC - fluorescence,IC50 [nM],85000.0,Positive
153998,1014497,1638267,HLA-DR3,NTNMFTYEIAPVFVLLEYVT,purified MHC - fluorescence,IC50 [nM],70000.0,Positive
154000,1014497,1638269,HLA-DR2,LKKMREIIGWPGGSGDGIFS,purified MHC - fluorescence,IC50 [nM],43000.0,Positive
154002,1014497,1638271,HLA-DR4,LKKMREIIGWPGGSGDGIFS,purified MHC - fluorescence,IC50 [nM],48000.0,Positive
154006,1014497,1638275,HLA-DR4,PGGSGDGIFSPGGAISNMYA,purified MHC - fluorescence,IC50 [nM],80000.0,Positive
154007,1014497,1638276,HLA-DR3,PGGSGDGIFSPGGAISNMYA,purified MHC - fluorescence,IC50 [nM],70000.0,Positive
154015,1014497,1638284,HLA-DR4,MMIARFKMFPEVKEKGMAAL,purified MHC - fluorescence,IC50 [nM],25000.0,Positive
154019,1014497,1638288,HLA-DR4,EVKEKGMAALPRLIAFTSEH,purified MHC - fluorescence,IC50 [nM],40000.0,Positive
154029,1014497,1638298,HLA-DR1,ALGIGTDSVILIKCDERGKM,purified MHC - fluorescence,IC50 [nM],96000.0,Positive
154031,1014497,1638300,HLA-DR3,ALGIGTDSVILIKCDERGKM,purified MHC - fluorescence,IC50 [nM],28000.0,Positive
154032,1014497,1638301,HLA-DR4,ALGIGTDSVILIKCDERGKM,purified MHC - fluorescence,IC50 [nM],24000.0,Positive
154033,1014497,1638302,HLA-DR1,LIKCDERGKMIPSDLERRIL,purified MHC - fluorescence,IC50 [nM],31000.0,Positive
154037,1014497,1638306,HLA-DR1,IPSDLERRILEAKQKGFVPF,purified MHC - fluorescence,IC50 [nM],53000.0,Positive
154039,1014497,1638308,HLA-DR3,IPSDLERRILEAKQKGFVPF,purified MHC - fluorescence,IC50 [nM],85000.0,Positive
154040,1014497,1638309,HLA-DR4,IPSDLERRILEAKQKGFVPF,purified MHC - fluorescence,IC50 [nM],38000.0,Positive
154047,1014497,1638316,HLA-DR3,LVSATAGTTVYGAFDPLLAV,purified MHC - fluorescence,IC50 [nM],70000.0,Positive
154055,1014497,1638324,HLA-DR3,ADICKKYKIWMHVDAAWGGG,purified MHC - fluorescence,IC50 [nM],27000.0,Positive
154060,1014497,1638329,HLA-DR3,MHVDAAWGGGLLMSRKHKWK,purified MHC - fluorescence,IC50 [nM],33000.0,Positive
154061,1014497,1638330,HLA-DR4,MHVDAAWGGGLLMSRKHKWK,purified MHC - fluorescence,IC50 [nM],43000.0,Positive
154067,1014497,1638336,HLA-DR1,LSGVERANSVTWNPHKMMGV,purified MHC - fluorescence,IC50 [nM],30000.0,Positive
154074,1014497,1638343,HLA-DR4,TWNPHKMMGVPLQCSALLVR,purified MHC - fluorescence,IC50 [nM],34000.0,Positive
154075,1014497,1638344,HLA-DR1,PLQCSALLVREEGLMQNCNQ,purified MHC - fluorescence,IC50 [nM],34000.0,Positive
154082,1014497,1638351,HLA-DR4,EEGLMQNCNQMHASYLFQQD,purified MHC - fluorescence,IC50 [nM],41000.0,Positive
154086,1014497,1638355,HLA-DR4,MHASYLFQQDKHYDLSYDTG,purified MHC - fluorescence,IC50 [nM],22000.0,Positive
154090,1014497,1638359,HLA-DR4,KHYDLSYDTGDKALQCGRHV,purified MHC - fluorescence,IC50 [nM],31000.0,Positive
154098,1014497,1638367,HLA-DR4,DVFKLWLMWRAKGTTGFEAH,purified MHC - fluorescence,IC50 [nM],33000.0,Positive
154100,1014497,1638369,HLA-DR2,AKGTTGFEAHVDKCLELAEY,purified MHC - fluorescence,IC50 [nM],65000.0,Positive
154101,1014497,1638370,HLA-DR3,AKGTTGFEAHVDKCLELAEY,purified MHC - fluorescence,IC50 [nM],60000.0,Positive
154103,1014497,1638372,HLA-DR1,VDKCLELAEYLYNIIKNREG,purified MHC - fluorescence,IC50 [nM],72000.0,Positive
154106,1014497,1638375,HLA-DR4,VDKCLELAEYLYNIIKNREG,purified MHC - fluorescence,IC50 [nM],34000.0,Positive
154109,1014497,1638378,HLA-DR3,LYNIIKNREGYEMVFDGKPQ,purified MHC - fluorescence,IC50 [nM],35000.0,Positive
154114,1014497,1638383,HLA-DR3,YEMVFDGKPQHTNVCFWYIP,purified MHC - fluorescence,IC50 [nM],56000.0,Positive
154115,1014497,1638384,HLA-DR4,YEMVFDGKPQHTNVCFWYIP,purified MHC - fluorescence,IC50 [nM],67000.0,Positive
154116,1014497,1638385,HLA-DR3,YEMVFDGKPQHTNVCFWYIP,purified MHC - fluorescence,IC50 [nM],56000.0,Positive
154119,1014497,1638388,HLA-DR3,HTNVCFWYIPPSLRTLEDNE,purified MHC - fluorescence,IC50 [nM],70000.0,Positive
154122,1014497,1638391,HLA-DR3,HTNVCFWYIPPSLRTLEDNE,purified MHC - fluorescence,IC50 [nM],70000.0,Positive
154123,1014497,1638392,HLA-DR1,PSLRTLEDNEERMSRLSKVA,purified MHC - fluorescence,IC50 [nM],70000.0,Positive
154128,1014497,1638397,HLA-DR1,ERMSRLSKVAPVIKARMMEY,purified MHC - fluorescence,IC50 [nM],70000.0,Positive
154134,1014497,1638403,HLA-DR3,PVIKARMMEYGTTMVSYQPL,purified MHC - fluorescence,IC50 [nM],30000.0,Positive
154137,1014497,1638406,HLA-DR1,GTTMVSYQPLGDKVNFFRMV,purified MHC - fluorescence,IC50 [nM],25000.0,Positive
154139,1014497,1638408,HLA-DR3,GTTMVSYQPLGDKVNFFRMV,purified MHC - fluorescence,IC50 [nM],70000.0,Positive
154144,1014497,1638413,HLA-DR3,GDKVNFFRMVISNPAATHQD,purified MHC - fluorescence,IC50 [nM],35000.0,Positive
154148,1014497,1638417,HLA-DR2,ISNPAATHQDIDFLIEEIER,purified MHC - fluorescence,IC50 [nM],34000.0,Positive
154150,1014497,1638419,HLA-DR4,ISNPAATHQDIDFLIEEIER,purified MHC - fluorescence,IC50 [nM],65000.0,Positive
154160,1014497,1638429,HLA-DR1,DLQDRYAQDKSVVNKMQQRY,purified MHC - fluorescence,IC50 [nM],70000.0,Positive
154161,1014497,1638430,HLA-DR2,DLQDRYAQDKSVVNKMQQRY,purified MHC - fluorescence,IC50 [nM],70000.0,Positive
154166,1014497,1638435,HLA-DR3,SVVNKMQQRYWETKQAFIKA,purified MHC - fluorescence,IC50 [nM],56000.0,Positive
154174,1014497,1638443,HLA-DR3,TGKKEDEHVVASDADLDAKL,purified MHC - fluorescence,IC50 [nM],22000.0,Positive
154179,1014497,1638448,HLA-DR4,ASDADLDAKLELFHSIQRTC,purified MHC - fluorescence,IC50 [nM],31000.0,Positive
154185,1014497,1638454,HLA-DR2,LDLSKAIVLYQKRICFLSQE,purified MHC - fluorescence,IC50 [nM],50000.0,Positive
154195,1014497,1638464,HLA-DR4,ENELGKFLRSQGFQDKTRAG,purified MHC - fluorescence,IC50 [nM],37000.0,Positive
154199,1014497,1638468,HLA-DR4,QGFQDKTRAGKMMQATGKAL,purified MHC - fluorescence,IC50 [nM],50000.0,Positive
154204,1014497,1638473,HLA-DR1,CFSSQQRLALRNPLCRFHQE,purified MHC - fluorescence,IC50 [nM],60000.0,Positive
154208,1014497,1638477,HLA-DR1,RNPLCRFHQEVETFRHRAIS,purified MHC - fluorescence,IC50 [nM],50000.0,Positive
154211,1014497,1638480,HLA-DR4,RNPLCRFHQEVETFRHRAIS,purified MHC - fluorescence,IC50 [nM],21000.0,Positive
154216,1014497,1638485,HLA-DR1,DTWLTVNRMEQCRTEYRGAL,purified MHC - fluorescence,IC50 [nM],60000.0,Positive
154236,1014497,1638505,HLA-DR1,AKKNFDKLKMDVCQKVDLLG,purified MHC - fluorescence,IC50 [nM],60000.0,Positive
154251,1014497,1638520,HLA-DR4,LATYQTTLLHFWEKTSHTMA,purified MHC - fluorescence,IC50 [nM],60000.0,Positive
154269,1014497,1638538,HLA-DR2,EEKKKINQQESTDAAVQEPS,purified MHC - fluorescence,IC50 [nM],70000.0,Positive
154272,1014497,1638541,HLA-DR1,STDAAVQEPSQLISLEEENQ,purified MHC - fluorescence,IC50 [nM],40000.0,Positive
154275,1014497,1638544,HLA-DR4,STDAAVQEPSQLISLEEENQ,purified MHC - fluorescence,IC50 [nM],68000.0,Positive
154276,1014497,1638545,HLA-DR1,QLISLEEENQRKESSSFKTE,purified MHC - fluorescence,IC50 [nM],60000.0,Positive
154278,1014497,1638547,HLA-DR3,QLISLEEENQRKESSSFKTE,purified MHC - fluorescence,IC50 [nM],21000.0,Positive
154279,1014497,1638548,HLA-DR4,QLISLEEENQRKESSSFKTE,purified MHC - fluorescence,IC50 [nM],69000.0,Positive
154287,1014497,1638556,HLA-DR4,DGKSILSALDKGSTHTACSG,purified MHC - fluorescence,IC50 [nM],60000.0,Positive
154293,1014497,1638562,HLA-DR2,PIDELLDMKSEEGACLGPVA,purified MHC - fluorescence,IC50 [nM],70000.0,Positive
154300,1014497,1638569,HLA-DR1,GTPEPEGADKDDLLLLSEIF,purified MHC - fluorescence,IC50 [nM],50000.0,Positive
154303,1014497,1638572,HLA-DR4,GTPEPEGADKDDLLLLSEIF,purified MHC - fluorescence,IC50 [nM],96000.0,Positive
154305,1014497,1638574,HLA-DR2,DDLLLLSEIFNASSLEEGEF,purified MHC - fluorescence,IC50 [nM],70000.0,Positive
154312,1014497,1638581,HLA-DR1,SKEWAAVFGDGQVKEPVPTM,purified MHC - fluorescence,IC50 [nM],40000.0,Positive
154315,1014497,1638584,HLA-DR4,SKEWAAVFGDGQVKEPVPTM,purified MHC - fluorescence,IC50 [nM],51000.0,Positive
154326,1014497,1638595,HLA-DR3,TGSGFLPSQLLDQNMKDLQA,purified MHC - fluorescence,IC50 [nM],50000.0,Positive
154333,1014497,1638602,HLA-DR2,SLQEPAKAASDLTAWFSLFA,purified MHC - fluorescence,IC50 [nM],70000.0,Positive
154334,1014497,1638603,HLA-DR3,SLQEPAKAASDLTAWFSLFA,purified MHC - fluorescence,IC50 [nM],53000.0,Positive
154343,1014497,1638612,HLA-DR4,DLDPLSNPDAVGKTDKEHEL,purified MHC - fluorescence,IC50 [nM],60000.0,Positive
154347,1014497,1638616,HLA-DR4,VGKTDKEHELTDKEHELLNA,purified MHC - fluorescence,IC50 [nM],65000.0,Positive
154348,1014497,1638617,HLA-DR1,GIVEQCCTSICSLYQLE,purified MHC - fluorescence,IC50 [nM],70000.0,Positive
154350,1014497,1638619,HLA-DR3,GIVEQCCTSICSLYQLE,purified MHC - fluorescence,IC50 [nM],70000.0,Positive
154353,1014497,1638622,HLA-DR2,CCTSICSLYQLENYCN,purified MHC - fluorescence,IC50 [nM],65000.0,Positive
154354,1014497,1638623,HLA-DR3,CCTSICSLYQLENYCN,purified MHC - fluorescence,IC50 [nM],70000.0,Positive
154355,1014497,1638624,HLA-DR4,CCTSICSLYQLENYCN,purified MHC - fluorescence,IC50 [nM],24000.0,Positive
154358,1014497,1638627,HLA-DR3,FVNQHLCGSHLVEALYL,purified MHC - fluorescence,IC50 [nM],29000.0,Positive
154362,1014497,1638631,HLA-DR3,LCGSHLVEALYLVCGER,purified MHC - fluorescence,IC50 [nM],61000.0,Positive
154366,1014497,1638635,HLA-DR3,LVEALYLVCGERGFFYT,purified MHC - fluorescence,IC50 [nM],50000.0,Positive
154370,1014497,1638639,HLA-DR3,YLVCGERGFFYTPKT,purified MHC - fluorescence,IC50 [nM],21000.0,Positive
154374,1014497,1638643,HLA-DR3,GERGFFYTPKTRREAED,purified MHC - fluorescence,IC50 [nM],70000.0,Positive
154378,1014497,1638647,HLA-DR3,FYTPKTRREAEDLQVGQ,purified MHC - fluorescence,IC50 [nM],70000.0,Positive
154379,1014497,1638648,HLA-DR4,FYTPKTRREAEDLQVGQ,purified MHC - fluorescence,IC50 [nM],70000.0,Positive
154382,1014497,1638651,HLA-DR3,TRREAEDLQVGQVELGG,purified MHC - fluorescence,IC50 [nM],49000.0,Positive
154383,1014497,1638652,HLA-DR4,TRREAEDLQVGQVELGG,purified MHC - fluorescence,IC50 [nM],40000.0,Positive
154395,1014497,1638664,HLA-DR4,GGGPGAGSLQPLALEGS,purified MHC - fluorescence,IC50 [nM],33000.0,Positive
154396,1014497,1638665,HLA-DR1,AGSLQPLALEGSLQKRG,purified MHC - fluorescence,IC50 [nM],24000.0,Positive
154398,1014497,1638667,HLA-DR3,AGSLQPLALEGSLQKRG,purified MHC - fluorescence,IC50 [nM],70000.0,Positive
154400,1014497,1638669,HLA-DR1,PLALEGSLQKRGIVEQC,purified MHC - fluorescence,IC50 [nM],65000.0,Positive
154403,1014497,1638672,HLA-DR4,PLALEGSLQKRGIVEQC,purified MHC - fluorescence,IC50 [nM],70000.0,Positive
154404,1014497,1638673,HLA-DR1,GSLQKRGIVEQCCTSIC,purified MHC - fluorescence,IC50 [nM],65000.0,Positive
154406,1014497,1638675,HLA-DR3,GSLQKRGIVEQCCTSIC,purified MHC - fluorescence,IC50 [nM],50000.0,Positive
154407,1014497,1638676,HLA-DR4,GSLQKRGIVEQCCTSIC,purified MHC - fluorescence,IC50 [nM],70000.0,Positive
154505,1006879,1639150,HLA-DQA1*03:01/DQB1*03:02,MHCQTTLKYAIKTGH,purified MHC - fluorescence,IC50 [nM],105000.0,Positive-High
154506,1006879,1639153,HLA-DQA1*03:01/DQB1*03:02,CFWYIPPSLRTLEDN,purified MHC - fluorescence,IC50 [nM],630000.0,Positive-Intermediate
154508,1006879,1639156,HLA-DQA1*03:01/DQB1*03:02,NMYAMMIARFKMFPEVKEKG,purified MHC - fluorescence,IC50 [nM],210000.0,Positive-High
154732,1007460,1639841,HLA-DQA1*01:02/DQB1*06:02,MILAYMEDHLR,purified MHC - fluorescence,IC50 [nM],26000.0,Positive
154733,1007460,1639842,HLA-DQA1*01:02/DQB1*06:04,EVNLVSEHIWC,purified MHC - fluorescence,IC50 [nM],25000.0,Positive
154734,1007460,1639843,HLA-DQA1*01:02/DQB1*06:02,EVNLVSEHIWC,purified MHC - fluorescence,IC50 [nM],24000.0,Positive
154735,1007460,1639844,HLA-DQA1*01:02/DQB1*06:04,GVAGLLVALAV,purified MHC - fluorescence,IC50 [nM],26000.0,Positive
154737,1007460,1639846,HLA-DQA1*01:02/DQB1*06:04,DQFEFALTAVA,purified MHC - fluorescence,IC50 [nM],37000.0,Positive
154738,1007460,1639847,HLA-DQA1*01:02/DQB1*06:02,DQFEFALTAVA,purified MHC - fluorescence,IC50 [nM],52000.0,Positive
154739,1007460,1639848,HLA-DQA1*01:02/DQB1*06:04,LYHVYEVNLVS,purified MHC - fluorescence,IC50 [nM],49000.0,Positive
154740,1007460,1639849,HLA-DQA1*01:02/DQB1*06:02,LYHVYEVNLVS,purified MHC - fluorescence,IC50 [nM],52000.0,Positive
154741,1007460,1639850,HLA-DQA1*01:02/DQB1*06:04,ILLQYVVKSFD,purified MHC - fluorescence,IC50 [nM],86000.0,Positive
154742,1007460,1639851,HLA-DQA1*01:02/DQB1*06:02,ILLQYVVKSFD,purified MHC - fluorescence,IC50 [nM],64000.0,Positive
154763,1007460,1639901,HLA-DQA1*01:02/DQB1*06:04,KMMGVPLQCSA,purified MHC - fluorescence,IC50 [nM],80000.0,Positive
154765,1007460,1639908,HLA-DQA1*01:02/DQB1*06:04,LQRLAAVLAGY,purified MHC - fluorescence,IC50 [nM],92000.0,Positive
154772,1007460,1639915,HLA-DQA1*01:02/DQB1*06:02,NVCFWYIPPSL,purified MHC - fluorescence,IC50 [nM],34000.0,Positive
154774,1007460,1639917,HLA-DQA1*01:02/DQB1*06:02,AQTGLQILQTG,purified MHC - fluorescence,IC50 [nM],56000.0,Positive
154775,1007460,1639918,HLA-DQA1*01:02/DQB1*06:04,LAGVAGLLVAL,purified MHC - fluorescence,IC50 [nM],46000.0,Positive
154776,1007460,1639919,HLA-DQA1*01:02/DQB1*06:02,LAGVAGLLVAL,purified MHC - fluorescence,IC50 [nM],56000.0,Positive
154778,1007460,1639921,HLA-DQA1*01:02/DQB1*06:02,QTGLQILQTGV,purified MHC - fluorescence,IC50 [nM],58000.0,Positive
154780,1007460,1639923,HLA-DQA1*01:02/DQB1*06:02,VNVGADIKKTM,purified MHC - fluorescence,IC50 [nM],68000.0,Positive
154781,1007460,1639924,HLA-DQA1*01:02/DQB1*06:04,DLQVGQVELGG,purified MHC - fluorescence,IC50 [nM],88000.0,Positive
154782,1007460,1639925,HLA-DQA1*01:02/DQB1*06:02,DLQVGQVELGG,purified MHC - fluorescence,IC50 [nM],64000.0,Positive
155624,1014747,1647317,HLA-DRB1*04:04,VGYDDQESVKSKV,purified MHC - fluorescence,IC50 [nM],100000.0,Positive-Intermediate
155629,1014747,1647337,HLA-DRB1*04:01,FTLASSETG,purified MHC - fluorescence,IC50 [nM],100000.0,Positive-Intermediate
155734,1014602,1648156,H-2-IAq,GEPGIAGFKGDQGPK,purified MHC - fluorescence,IC50 [nM],75000.0,Positive
155803,1014688,1648565,RT1-Bl,ALSTLVVNKI,purified MHC - radioactivity,IC50 [nM],35000.0,Positive
155804,1014688,1648566,RT1-Bl,ALSTLVLNRL,purified MHC - radioactivity,IC50 [nM],125000.0,Positive
155805,1014688,1648567,RT1-Bl,ALSTLVVNKIRGTFK,purified MHC - radioactivity,IC50 [nM],25000.0,Positive
155967,1014633,1651030,HLA-DRA*01:01/DRB1*01:01,PKYVKQNTLKLA,cell bound MHC - fluorescence,IC50 [nM],275000.0,Positive
155968,1014633,1651031,HLA-DRA*01:01/DRB1*01:01,PKYKKQNTLKL,cell bound MHC - fluorescence,IC50 [nM],308000.0,Positive
155969,1014633,1651032,HLA-DRA*01:01/DRB1*01:01,PKYVKQQTLKLA,cell bound MHC - fluorescence,IC50 [nM],250000.0,Positive
155970,1014633,1651033,HLA-DRA*01:01/DRB1*01:01,PKYVRQNTLKLA,cell bound MHC - fluorescence,IC50 [nM],233600.0,Positive
155971,1014633,1651034,HLA-DRA*01:01/DRB1*01:01,PKYVKNNTLKLA,cell bound MHC - fluorescence,IC50 [nM],238000.0,Positive
156140,1015813,1651797,HLA-DQA1*03:02/DQB1*04:01,KEPGVSGPMGPRGPPGK,purified MHC - radioactivity,IC50 [nM],110000.0,Positive
156141,1015813,1651798,HLA-DQA1*03:01/DQB1*03:02,KEPGVSGPMGPRGPPGK,purified MHC - radioactivity,IC50 [nM],420000.0,Positive
156142,1015813,1651799,HLA-DQA1*03:02/DQB1*04:01,RTGPAGAAGARGND,purified MHC - radioactivity,IC50 [nM],120000.0,Positive
156143,1015813,1651800,HLA-DQA1*03:01/DQB1*03:02,RTGPAGAAGARGND,purified MHC - radioactivity,IC50 [nM],270000.0,Positive
156144,1015813,1651801,HLA-DQA1*03:02/DQB1*04:01,ARGPEGAQGPRGEPGT,purified MHC - radioactivity,IC50 [nM],165000.0,Positive
156145,1015813,1651802,HLA-DQA1*03:01/DQB1*03:02,ARGPEGAQGPRGEPGT,purified MHC - radioactivity,IC50 [nM],255000.0,Positive
156146,1015813,1651803,HLA-DQA1*03:02/DQB1*04:01,PRGERGFPGERGSPGA,purified MHC - radioactivity,IC50 [nM],170000.0,Positive
156147,1015813,1651804,HLA-DQA1*03:01/DQB1*03:02,PRGERGFPGERGSPGA,purified MHC - radioactivity,IC50 [nM],260000.0,Positive
156148,1015813,1651805,HLA-DQA1*03:02/DQB1*04:01,EAGAPGLVGPRGERGFPGE,purified MHC - radioactivity,IC50 [nM],175000.0,Positive
156149,1015813,1651806,HLA-DQA1*03:01/DQB1*03:02,EAGAPGLVGPRGERGFPGE,purified MHC - radioactivity,IC50 [nM],270000.0,Positive
156150,1015813,1651807,HLA-DQA1*03:02/DQB1*04:01,PPGLQGMPGERGAA,purified MHC - radioactivity,IC50 [nM],180000.0,Positive
156151,1015813,1651808,HLA-DQA1*03:01/DQB1*03:02,PPGLQGMPGERGAA,purified MHC - radioactivity,IC50 [nM],260000.0,Positive
156152,1015813,1651809,HLA-DQA1*03:02/DQB1*04:01,PPGPAGPAGERGEQ,purified MHC - radioactivity,IC50 [nM],195000.0,Positive
156153,1015813,1651810,HLA-DQA1*03:01/DQB1*03:02,PPGPAGPAGERGEQ,purified MHC - radioactivity,IC50 [nM],180000.0,Positive
156154,1015813,1651811,HLA-DQA1*03:02/DQB1*04:01,TPGLPGVKGHRGYPGL,purified MHC - radioactivity,IC50 [nM],205000.0,Positive
156155,1015813,1651812,HLA-DQA1*03:01/DQB1*03:02,TPGLPGVKGHRGYPGL,purified MHC - radioactivity,IC50 [nM],190000.0,Positive
156156,1015813,1651813,HLA-DQA1*03:02/DQB1*04:01,RPGPPGPQGARGQPGV,purified MHC - radioactivity,IC50 [nM],210000.0,Positive
156157,1015813,1651814,HLA-DQA1*03:01/DQB1*03:02,RPGPPGPQGARGQPGV,purified MHC - radioactivity,IC50 [nM],375000.0,Positive
156158,1015813,1651815,HLA-DQA1*03:02/DQB1*04:01,ERGPPGPQGARGFPGT,purified MHC - radioactivity,IC50 [nM],220000.0,Positive
156159,1015813,1651816,HLA-DQA1*03:01/DQB1*03:02,ERGPPGPQGARGFPGT,purified MHC - radioactivity,IC50 [nM],270000.0,Positive
156160,1015813,1651817,HLA-DQA1*03:02/DQB1*04:01,IAGAPGFPGPRGPPDPQGA,purified MHC - radioactivity,IC50 [nM],230000.0,Positive
156161,1015813,1651818,HLA-DQA1*03:01/DQB1*03:02,IAGAPGFPGPRGPPDPQGA,purified MHC - radioactivity,IC50 [nM],200000.0,Positive
156162,1015813,1651819,HLA-DQA1*03:02/DQB1*04:01,GEPGKAGEKGLPGA,purified MHC - radioactivity,IC50 [nM],305000.0,Positive
156163,1015813,1651820,HLA-DQA1*03:01/DQB1*03:02,GEPGKAGEKGLPGA,purified MHC - radioactivity,IC50 [nM],420000.0,Positive
156164,1015813,1651821,HLA-DQA1*03:02/DQB1*04:01,SPGAQGLQGPRGLPGT,purified MHC - radioactivity,IC50 [nM],310000.0,Positive
156165,1015813,1651822,HLA-DQA1*03:01/DQB1*03:02,SPGAQGLQGPRGLPGT,purified MHC - radioactivity,IC50 [nM],300000.0,Positive
156166,1015813,1651823,HLA-DQA1*03:02/DQB1*04:01,GNPGEPGEPGVSGPMG,purified MHC - radioactivity,IC50 [nM],320000.0,Positive
156167,1015813,1651824,HLA-DQA1*03:01/DQB1*03:02,GNPGEPGEPGVSGPMG,purified MHC - radioactivity,IC50 [nM],500000.0,Positive
156168,1015813,1651825,HLA-DQA1*03:02/DQB1*04:01,EKAGGAQLGVMQGPMGPMGPR,purified MHC - radioactivity,IC50 [nM],330000.0,Positive
156169,1015813,1651826,HLA-DQA1*03:01/DQB1*03:02,EKAGGAQLGVMQGPMGPMGPR,purified MHC - radioactivity,IC50 [nM],330000.0,Positive
156170,1015813,1651827,HLA-DQA1*03:02/DQB1*04:01,EAGKPGKAGERGPPGPQG,purified MHC - radioactivity,IC50 [nM],335000.0,Positive
156171,1015813,1651828,HLA-DQA1*03:01/DQB1*03:02,EAGKPGKAGERGPPGPQG,purified MHC - radioactivity,IC50 [nM],315000.0,Positive
156172,1015813,1651829,HLA-DQA1*03:02/DQB1*04:01,ENGSPGPMGPRGERGRT,purified MHC - radioactivity,IC50 [nM],370000.0,Positive
156173,1015813,1651830,HLA-DQA1*03:01/DQB1*03:02,ENGSPGPMGPRGERGRT,purified MHC - radioactivity,IC50 [nM],500000.0,Positive
156174,1015813,1651831,HLA-DQA1*03:02/DQB1*04:01,EKGLPGAPGLRGLPGL,purified MHC - radioactivity,IC50 [nM],405000.0,Positive
156175,1015813,1651832,HLA-DQA1*03:01/DQB1*03:02,EKGLPGAPGLRGLPGL,purified MHC - radioactivity,IC50 [nM],435000.0,Positive
156176,1015813,1651833,HLA-DQA1*03:02/DQB1*04:01,PPGERGAPGNRGFPGQ,purified MHC - radioactivity,IC50 [nM],440000.0,Positive
156177,1015813,1651834,HLA-DQA1*03:01/DQB1*03:02,PPGERGAPGNRGFPGQ,purified MHC - radioactivity,IC50 [nM],480000.0,Positive
156178,1015813,1651835,HLA-DQA1*03:02/DQB1*04:01,GEPGLPGARGLTGRPGD,purified MHC - radioactivity,IC50 [nM],440000.0,Positive
156180,1015813,1651837,HLA-DQA1*03:02/DQB1*04:01,AKGEAGPTGARGPEG,purified MHC - radioactivity,IC50 [nM],450000.0,Positive
156181,1015813,1651838,HLA-DQA1*03:01/DQB1*03:02,AKGEAGPTGARGPEG,purified MHC - radioactivity,IC50 [nM],450000.0,Positive
156182,1015813,1651839,HLA-DQA1*03:02/DQB1*04:01,GDPGRPGEPGLPGA,purified MHC - radioactivity,IC50 [nM],450000.0,Positive
156184,1015813,1651841,HLA-DQA1*03:02/DQB1*04:01,APGPAGEEGKRGARGEPGG,purified MHC - radioactivity,IC50 [nM],500000.0,Positive
156198,1015813,1651855,HLA-DRB1*04:05,GGVGPIGPPGERGA,purified MHC - radioactivity,IC50 [nM],280000.0,Positive
156199,1015813,1651856,HLA-DRB1*04:06,GGVGPIGPPGERGA,purified MHC - radioactivity,IC50 [nM],390000.0,Positive
156273,200009,1653051,H-2-IAd,EQNQEQKRAAQRAAG,purified MHC - radioactivity,IC50 [nM],32000.0,Positive
156311,1014713,1653499,H-2-IAq,GEPGIAGFAGEQGPK,cell bound MHC - fluorescence,IC50 [nM],30000.0,Positive-Intermediate
156881,1003440,1656100,HLA-A*02:06,TLGIVCPI,cell bound MHC - fluorescence,IC50 [nM],28000.0,Positive
156984,1015900,1656953,H-2-Kb,REVYDFAFRDLA,cell bound MHC - fluorescence,IC50 [nM],44000.0,Positive
156987,1015900,1656957,H-2-Kb,REVYDFAFRD,cell bound MHC - fluorescence,IC50 [nM],100000.0,Positive
156989,1015900,1656960,H-2-Kb,VYDFAFRDLA,cell bound MHC - fluorescence,IC50 [nM],44000.0,Positive
156991,1015900,1656962,H-2-Kb,EVYDFAFRD,cell bound MHC - fluorescence,IC50 [nM],38000.0,Positive
156995,1015900,1656970,H-2-Kb,EVYDFAFR,cell bound MHC - fluorescence,IC50 [nM],28000.0,Positive
157052,1003440,1657266,HLA-A*02:02,LQTTIHDII,cell bound MHC - fluorescence,IC50 [nM],24000.0,Positive
157054,1003440,1657271,HLA-A*02:03,LQTTIHDII,cell bound MHC - fluorescence,IC50 [nM],40000.0,Positive
157149,1015978,1658294,HLA-DR1,FNSSHKGRINCNSNTTPIVHLKGDANTLKC,purified MHC - fluorescence,IC50 [nM],22000.0,Positive
157150,1015978,1658295,HLA-DR2,FNSSHKGRINCNSNTTPIVHLKGDANTLKC,purified MHC - fluorescence,IC50 [nM],65000.0,Positive
157151,1015978,1658296,HLA-DR3,FNSSHKGRINCNSNTTPIVHLKGDANTLKC,purified MHC - fluorescence,IC50 [nM],37000.0,Positive
157154,1015978,1658300,HLA-DR2,TPIVHLKGDANTLKCLRYRFKKHCTLYTAV,purified MHC - fluorescence,IC50 [nM],68000.0,Positive
157162,1015978,1658310,HLA-DR2,SSTWHWTGHNVKHKSAIVTLTYDSEWQRDQ,purified MHC - fluorescence,IC50 [nM],55000.0,Positive
157163,1015978,1658311,HLA-DR3,SSTWHWTGHNVKHKSAIVTLTYDSEWQRDQ,purified MHC - fluorescence,IC50 [nM],30000.0,Positive
157305,1016037,1659864,H-2-IAu,AAQKRPAAAAA + ACET(A1),purified MHC - fluorescence,IC50 [nM],36000.0,Positive
157336,1016037,1659902,H-2-IAu,AAKYFDK + ACET(A1),purified MHC - fluorescence,IC50 [nM],35349.0,Positive
157400,200120,1660689,H-2-IAd,LSQTASEDSDVFGEA,purified MHC - radioactivity,IC50 [nM],32000.0,Positive
157471,1015243,1661911,H-2-IEd,AYDAQGTLSKIFKLGGRDSR,purified MHC - radioactivity,IC50 [nM],36000.0,Positive
157473,1015243,1661913,H-2-IEd,IFKLGGRDSR,purified MHC - radioactivity,IC50 [nM],31000.0,Positive
157475,1015243,1661915,H-2-IEd,IFKLGGRDSRSGSPMARR,purified MHC - radioactivity,IC50 [nM],81000.0,Positive
157758,1015623,1665059,H-2-IAs,NTWTTCQSIAFPSK,cell bound MHC - fluorescence,IC50 [nM],70000.0,Positive
157765,1015292,1665306,RT1-Dl,KNTEISFKLGQEFEETTADNRKTK,purified MHC - fluorescence,IC50 [nM],24040.0,Positive-Intermediate
157771,1016058,1665370,HLA-DPA1*01:03/DPB1*02:01,HSLGKWLGHPDKF,purified MHC - fluorescence,IC50 [nM],358000.0,Positive-Intermediate
157783,1016058,1665384,HLA-DPA1*01:03/DPB1*04:01,HSLGKWLGHPDKF,purified MHC - fluorescence,IC50 [nM],832000.0,Positive-Intermediate
158054,1006917,1666683,RT1-B1,FKNIVTPRTP,cell bound MHC - fluorescence,IC50 [nM],49000.0,Positive-Intermediate
158271,1015369,1675472,RT1-Bl,QQSQRSQDENPV + GAL(Q2),purified MHC - fluorescence,IC50 [nM],32000.0,Positive-Intermediate
158277,1015369,1675492,RT1-Bl,QKSQRSQDENPV + SCM(D8),purified MHC - fluorescence,IC50 [nM],32000.0,Positive-Intermediate
158320,1016679,1676570,HLA-DRB5*01:01,NPVVHFFKNIVTA,purified MHC - radioactivity,IC50 [nM],30000.0,Positive
158326,1016679,1676576,HLA-DRB5*01:01,PVVHFFKNIVTA,purified MHC - radioactivity,IC50 [nM],31000.0,Positive
158871,1016566,1679328,HLA-B*07:02,LPFDKQTIM,purified MHC - fluorescence,IC50 [nM],46451.5,Positive-Intermediate
159113,1016061,1684751,HLA-DP E69K mutant,beryllium sulfate,purified MHC - fluorescence,IC50 [nM],480000.0,Positive
159114,1015623,1685339,H-2-IAs,HSLGKWLGHPDKF,cell bound MHC - fluorescence,IC50 [nM],25000.0,Positive
159224,200077,1685888,HLA-A*02:01,WLGHPDKFVGI,purified MHC - radioactivity,IC50 [nM],25000.0,Positive
160007,1006951,1690369,HLA-DR3,RIHMVYSKRSGKPRGYAFIEY + PHOS(S10),purified MHC - fluorescence,IC50 [nM],60000.0,Positive-Intermediate
160013,1006951,1690375,HLA-DR4,YVSRYFGSAIRHEPKMKIYRG + PHOS(S8),purified MHC - fluorescence,IC50 [nM],25000.0,Positive-Intermediate
161190,1018028,1706932,HLA-DRB5*01:01,HCLGKWLGHPDKFVGI,cell bound MHC - fluorescence,IC50 [nM],130000.0,Positive
161191,1018028,1706933,HLA-DRB1*15:01,HCLGKWLGHPDKFVGI,cell bound MHC - fluorescence,IC50 [nM],23000.0,Positive
161193,1018028,1706935,HLA-DRB5*01:01,PVYIYFNTWTTCQSIAFPSK,cell bound MHC - fluorescence,IC50 [nM],50000.0,Positive
161292,1015197,1712878,HLA-DRB1*13:01,"N(2)-(2,4-dichlorophenyl)-N-(7-{[(2,4-dichlorophenyl)amino]sulfonyl}-1-oxo-1,2-dihydronaphthalen-2-yl)glycinamide",cell bound MHC - fluorescence,IC50 [nM],200000.0,Positive
180523,1019526,1736151,HLA-DRB1*04:01,ITFEATGNLVVPRYAFA,purified MHC - fluorescence,IC50 [nM],121000.0,Positive
180540,1019526,1736168,HLA-DRB1*04:01,TYVLSIIPSGPLKAEIAQRL,purified MHC - fluorescence,IC50 [nM],46640.0,Positive
180547,1006834,1736948,HLA-DR3,ITDNPYMTSIPVNAFQGLC,purified MHC - fluorescence,IC50 [nM],50000.0,Positive-Intermediate
180548,1006834,1736953,HLA-DR3,LNKNKYLTVIDKDAFG,purified MHC - fluorescence,IC50 [nM],50000.0,Positive-Intermediate
180549,1006834,1736954,HLA-DR3,SVTALPSKGLEHLKEL,purified MHC - fluorescence,IC50 [nM],50000.0,Positive-Intermediate
180552,1006834,1736957,HLA-DR3,EEQEDEIIGFGQELKNPQEE,purified MHC - fluorescence,IC50 [nM],50000.0,Positive-Intermediate
180557,1006834,1736962,HLA-DR3,YAFNGTKLDAVYLNKN,purified MHC - fluorescence,IC50 [nM],50000.0,Positive-Intermediate
198565,315194,1762226,HLA-DRB1*04:05,TSICSLYQLENYCN,purified MHC - radioactivity,IC50 [nM],180000.0,Positive
199022,1017629,1770975,HLA-DQ2,SSIPEELPHNPLEHDPLHPR,purified MHC - radioactivity,IC50 [nM],51100.0,Positive
199330,1019720,1775830,HLA-DPB1*04:01,MLLRKYGIAAENVID,purified MHC - radioactivity,IC50 [nM],29670.0,Positive
199338,1019720,1775856,HLA-DQB1*05:01,KAAVAAAASVPAADK,purified MHC - radioactivity,IC50 [nM],50000.0,Positive
199369,1019720,1775890,HLA-DRB1*03:01,EWVAMTKGEGGVWTF,purified MHC - radioactivity,IC50 [nM],50000.0,Positive
199598,1017350,1779024,HLA-DR3,HAFSNLPNISRIYVSIDVT,purified MHC - fluorescence,IC50 [nM],29000.0,Positive-Intermediate
199599,1017350,1779025,HLA-DR5,HAFSNLPNISRIYVSIDVT,purified MHC - fluorescence,IC50 [nM],28700.0,Positive-Intermediate
199603,1017350,1779029,HLA-DR3,VSIDVTLQQLESHSFYNLSK,purified MHC - fluorescence,IC50 [nM],41300.0,Positive-Intermediate
199608,1017350,1779034,HLA-DR3,FYNLSKVTHIEIRNTR,purified MHC - fluorescence,IC50 [nM],42000.0,Positive-Intermediate
199615,1017350,1779041,HLA-DR7,RNTRNLTYIDPDALKE,purified MHC - fluorescence,IC50 [nM],43300.0,Positive-Intermediate
199617,1017350,1779043,HLA-DR2,PDALKELPLLKFLGIFNTG,purified MHC - fluorescence,IC50 [nM],43000.0,Positive-Intermediate
199629,1017350,1779055,HLA-DR5,TKVYSTDIFFILEITDNPY,purified MHC - fluorescence,IC50 [nM],42500.0,Positive-Intermediate
199633,1017350,1779060,HLA-DR3,ITDNPYMTSIPVNAFQGLC,purified MHC - fluorescence,IC50 [nM],50000.0,Positive-Intermediate
199634,1017350,1779061,HLA-DR5,ITDNPYMTSIPVNAFQGLC,purified MHC - fluorescence,IC50 [nM],35000.0,Positive-Intermediate
199636,1017350,1779063,HLA-DR1,FQGLCNETLTLKLYN,purified MHC - fluorescence,IC50 [nM],25000.0,Positive-Intermediate
199639,1017350,1779066,HLA-DR5,FQGLCNETLTLKLYN,purified MHC - fluorescence,IC50 [nM],22500.0,Positive-Intermediate
199641,1017350,1779068,HLA-DR1,KLYNNGFTSVQGYAFN,purified MHC - fluorescence,IC50 [nM],47500.0,Positive-Intermediate
199648,1017350,1779117,HLA-DR3,YAFNGTKLDAVYLNKN,purified MHC - fluorescence,IC50 [nM],46600.0,Positive-Intermediate
199653,1017350,1779122,HLA-DR3,LNKNKYLTVIDKDAFG,purified MHC - fluorescence,IC50 [nM],40000.0,Positive-Intermediate
199655,1017350,1779124,HLA-DR7,LNKNKYLTVIDKDAFG,purified MHC - fluorescence,IC50 [nM],40000.0,Positive-Intermediate
199660,1017350,1779129,HLA-DR7,DKDAFGGVYSGPSLLD,purified MHC - fluorescence,IC50 [nM],28300.0,Positive-Intermediate
199663,1017350,1779132,HLA-DR3,GPSLLDVSQTSVTALP,purified MHC - fluorescence,IC50 [nM],45000.0,Positive-Intermediate
199664,1017350,1779133,HLA-DR5,GPSLLDVSQTSVTALP,purified MHC - fluorescence,IC50 [nM],23500.0,Positive-Intermediate
199666,1017350,1779135,HLA-DR1,SVTALPSKGLEHLKEL,purified MHC - fluorescence,IC50 [nM],42500.0,Positive-Intermediate
199669,1017350,1779138,HLA-DR5,SVTALPSKGLEHLKEL,purified MHC - fluorescence,IC50 [nM],26500.0,Positive-Intermediate
199673,1017350,1779142,HLA-DR3,HLKELIARNTWTLKKL,purified MHC - fluorescence,IC50 [nM],40000.0,Positive-Intermediate
199674,1017350,1779143,HLA-DR5,HLKELIARNTWTLKKL,purified MHC - fluorescence,IC50 [nM],46400.0,Positive-Intermediate
199675,1017350,1779144,HLA-DR7,HLKELIARNTWTLKKL,purified MHC - fluorescence,IC50 [nM],31600.0,Positive-Intermediate
199677,1017350,1779146,HLA-DR2,WTLKKLPLSLSFLHLTRADL,purified MHC - fluorescence,IC50 [nM],48000.0,Positive-Intermediate
199684,1017350,1779153,HLA-DR5,LTRADLSYPSHCCAFKNQKK,purified MHC - fluorescence,IC50 [nM],37500.0,Positive-Intermediate
199685,1017350,1779154,HLA-DR7,LTRADLSYPSHCCAFKNQKK,purified MHC - fluorescence,IC50 [nM],30000.0,Positive-Intermediate
199689,1017350,1779158,HLA-DR5,FKNQKKIRGILESLMCNESS,purified MHC - fluorescence,IC50 [nM],28500.0,Positive-Intermediate
199690,1017350,1779159,HLA-DR7,FKNQKKIRGILESLMCNESS,purified MHC - fluorescence,IC50 [nM],46700.0,Positive-Intermediate
199691,1017350,1779160,HLA-DR1,CNESSMQSLRQRKSVNALNS,purified MHC - fluorescence,IC50 [nM],21600.0,Positive-Intermediate
199693,1017350,1779162,HLA-DR3,CNESSMQSLRQRKSVNALNS,purified MHC - fluorescence,IC50 [nM],46700.0,Positive-Intermediate
199694,1017350,1779163,HLA-DR5,CNESSMQSLRQRKSVNALNS,purified MHC - fluorescence,IC50 [nM],34000.0,Positive-Intermediate
199698,1017350,1779167,HLA-DR3,VNALNSPLHQEYEENLGDSI,purified MHC - fluorescence,IC50 [nM],33800.0,Positive-Intermediate
199704,1017350,1779173,HLA-DR5,NLGDSIVGYKEKSKFQDTHN,purified MHC - fluorescence,IC50 [nM],33000.0,Positive-Intermediate
199710,1017350,1779179,HLA-DR7,FQDTHNNAHYYVFFEEQEDE,purified MHC - fluorescence,IC50 [nM],36600.0,Positive-Intermediate
199711,1017350,1779181,HLA-DR1,EEQEDEIIGFGQELKNPQEE,purified MHC - fluorescence,IC50 [nM],46600.0,Positive-Intermediate
199712,1017350,1779182,HLA-DR2,EEQEDEIIGFGQELKNPQEE,purified MHC - fluorescence,IC50 [nM],36000.0,Positive-Intermediate
199713,1017350,1779183,HLA-DR3,EEQEDEIIGFGQELKNPQEE,purified MHC - fluorescence,IC50 [nM],45000.0,Positive-Intermediate
199715,1017350,1779185,HLA-DR7,EEQEDEIIGFGQELKNPQEE,purified MHC - fluorescence,IC50 [nM],38300.0,Positive-Intermediate
199719,1017350,1779189,HLA-DR5,KNPQEETLQAFDSHYDYTIC,purified MHC - fluorescence,IC50 [nM],40000.0,Positive-Intermediate
199848,1019920,1781396,HLA-DRB1*03:02,IQRIPSLPPSTQTLKLIET,purified MHC - fluorescence,IC50 [nM],46500.0,Positive-Intermediate
199851,1019920,1781399,HLA-DRB1*03:02,LKLIETHLRTIPSHAFSNL,purified MHC - fluorescence,IC50 [nM],42500.0,Positive-Intermediate
199852,1019920,1781400,HLA-DR3,HAFSNLPNISRIYVSIDVT,purified MHC - fluorescence,IC50 [nM],29000.0,Positive-Intermediate
199854,1019920,1781402,HLA-DRB1*03:02,HAFSNLPNISRIYVSIDVT,purified MHC - fluorescence,IC50 [nM],36300.0,Positive-Intermediate
199855,1019920,1781403,HLA-DR3,VSIDVTLQQLESHSFYNLSK,purified MHC - fluorescence,IC50 [nM],41600.0,Positive-Intermediate
199858,1019920,1781406,HLA-DR3,FYNLSKVTHIEIRNTR,purified MHC - fluorescence,IC50 [nM],42000.0,Positive-Intermediate
199860,1019920,1781408,HLA-DRB1*03:02,FYNLSKVTHIEIRNTR,purified MHC - fluorescence,IC50 [nM],42000.0,Positive-Intermediate
199862,1019920,1781410,HLA-DR7,RNTRNLTYIDPDALKE,purified MHC - fluorescence,IC50 [nM],43300.0,Positive-Intermediate
199869,1019920,1781417,HLA-DRB1*03:02,GIFNTGLKMFPDLTKVYST,purified MHC - fluorescence,IC50 [nM],43000.0,Positive-Intermediate
199873,1019920,1781421,HLA-DR3,ITDNPYMTSIPVNAFQGLC,purified MHC - fluorescence,IC50 [nM],50000.0,Positive-Intermediate
199875,1019920,1781423,HLA-DRB1*03:02,ITDNPYMTSIPVNAFQGLC,purified MHC - fluorescence,IC50 [nM],28300.0,Positive-Intermediate
199882,1019920,1781430,HLA-DR3,YAFNGTKLDAVYLNKN,purified MHC - fluorescence,IC50 [nM],46600.0,Positive-Intermediate
199885,1019920,1781433,HLA-DR3,LNKNKYLTVIDKDAFG,purified MHC - fluorescence,IC50 [nM],40000.0,Positive-Intermediate
199886,1019920,1781434,HLA-DR7,LNKNKYLTVIDKDAFG,purified MHC - fluorescence,IC50 [nM],40000.0,Positive-Intermediate
199889,1019920,1781437,HLA-DR7,DKDAFGGVYSGPSLLD,purified MHC - fluorescence,IC50 [nM],28300.0,Positive-Intermediate
199891,1019920,1781439,HLA-DR3,GPSLLDVSQTSVTALP,purified MHC - fluorescence,IC50 [nM],45000.0,Positive-Intermediate
199893,1019920,1781441,HLA-DRB1*03:02,GPSLLDVSQTSVTALP,purified MHC - fluorescence,IC50 [nM],41300.0,Positive-Intermediate
199897,1019920,1781445,HLA-DR3,HLKELIARNTWTLKKL,purified MHC - fluorescence,IC50 [nM],40000.0,Positive-Intermediate
199898,1019920,1781446,HLA-DR7,HLKELIARNTWTLKKL,purified MHC - fluorescence,IC50 [nM],31600.0,Positive-Intermediate
199902,1019920,1781450,HLA-DRB1*03:02,WTLKKLPLSLSFLHLTRADL,purified MHC - fluorescence,IC50 [nM],38800.0,Positive-Intermediate
199904,1019920,1781452,HLA-DR7,LTRADLSYPSHCCAFKNQKK,purified MHC - fluorescence,IC50 [nM],30000.0,Positive-Intermediate
199907,1019920,1781455,HLA-DR7,FKNQKKIRGILESLMCNESS,purified MHC - fluorescence,IC50 [nM],46700.0,Positive-Intermediate
199908,1019920,1781456,HLA-DRB1*03:02,FKNQKKIRGILESLMCNESS,purified MHC - fluorescence,IC50 [nM],21000.0,Positive-Intermediate
199909,1019920,1781457,HLA-DR3,CNESSMQSLRQRKSVNALNS,purified MHC - fluorescence,IC50 [nM],46700.0,Positive-Intermediate
199912,1019920,1781460,HLA-DR3,VNALNSPLHQEYEENLGDSI,purified MHC - fluorescence,IC50 [nM],33800.0,Positive-Intermediate
199919,1019920,1781467,HLA-DR7,FQDTHNNAHYYVFFEEQEDE,purified MHC - fluorescence,IC50 [nM],36600.0,Positive-Intermediate
199921,1019920,1781469,HLA-DR3,EEQEDEIIGFGQELKNPQEE,purified MHC - fluorescence,IC50 [nM],45000.0,Positive-Intermediate
199922,1019920,1781470,HLA-DR7,EEQEDEIIGFGQELKNPQEE,purified MHC - fluorescence,IC50 [nM],38300.0,Positive-Intermediate
199938,1019920,1781490,HLA-DRB1*03:02,GLKMFPDLTKVYST,purified MHC - fluorescence,IC50 [nM],25000.0,Positive-Intermediate
199939,1019920,1781491,HLA-DR3,LSFLHLTRADLSYPSHC,purified MHC - fluorescence,IC50 [nM],27600.0,Positive-Intermediate
199942,1019920,1781494,HLA-DR3,EKSKFQDTHNNAHY,purified MHC - fluorescence,IC50 [nM],37500.0,Positive-Intermediate
199945,1019920,1781497,HLA-DR3,ETLQAFDSHYDYTI,purified MHC - fluorescence,IC50 [nM],25000.0,Positive-Intermediate
199949,1019920,1781501,HLA-DR7,ISRIYVSIDVTLQQLES,purified MHC - fluorescence,IC50 [nM],42000.0,Positive-Intermediate
200098,1019763,1783057,HLA-A*02:01,LLCPAGHAV,purified MHC - fluorescence,IC50 [nM],35440.0,Positive-Intermediate
200105,1019763,1783064,HLA-A*02:01,YLVTRRADV,purified MHC - fluorescence,IC50 [nM],27700.0,Positive-Intermediate
200106,1019763,1783065,HLA-A*02:01,LLCPAGHTV,purified MHC - fluorescence,IC50 [nM],27640.0,Positive-Intermediate
201501,1018978,1795950,HLA-DQ2,EEAEEEEEEE,cell bound MHC - fluorescence,IC50 [nM],71500.0,Positive
201502,1018978,1795951,HLA-DQ2,FRAVTELGRP,cell bound MHC - fluorescence,IC50 [nM],38000.0,Positive
201504,1018978,1795953,HLA-DQ2,VDGTVEEDLG,cell bound MHC - fluorescence,IC50 [nM],23700.0,Positive
202741,1020388,1802218,HLA-B*27:05,RRFFPYYV + MCM(R1),purified MHC - fluorescence,IC50 [nM],45100.0,Positive
202743,1020388,1802220,HLA-B*27:05,RRFFPYYV + MCM(R2),purified MHC - fluorescence,IC50 [nM],65000.0,Positive
203466,1020296,1812307,HLA-A3,VLRDDLLEAR,cell bound MHC - fluorescence,IC50 [nM],37500.0,Positive-Intermediate
203528,1021338,1813401,HLA-DRB1*10:01,"GGVYATRSSAVRLRS + CITR(R7, R12)",purified MHC - fluorescence,IC50 [nM],23000.0,Positive
203536,1021338,1813415,HLA-DRB1*10:01,YAEYHFRVGSEAEGY + CITR(R7),purified MHC - fluorescence,IC50 [nM],39000.0,Positive
204770,1020087,1821554,H-2-IEp,VGPIEEAVAKADKLAEEHGS,purified MHC - fluorescence,IC50 [nM],79200.0,Positive-Intermediate
204779,1020087,1821563,H-2-IEp,SVSALEKSLTSLSEVV,purified MHC - fluorescence,IC50 [nM],38700.0,Positive-Intermediate
204786,1020087,1821570,H-2-IEp,VNMVEKGIIDPTKVVRTALLD,purified MHC - fluorescence,IC50 [nM],29400.0,Positive-Intermediate
204791,1020087,1821575,H-2-IEp,GRLDKLTITSQNL,purified MHC - fluorescence,IC50 [nM],90000.0,Positive-Intermediate
204800,1020087,1821584,H-2-IEp,VIELTPSNFNR,purified MHC - fluorescence,IC50 [nM],50000.0,Positive-Intermediate
204834,1020087,1821618,H-2-IEp,LKLGEIVTTIPTIKF,purified MHC - fluorescence,IC50 [nM],40000.0,Positive-Intermediate
205622,1022010,1831501,HLA-DRB1*11:01,RDLASGLIGPLLICYKESVD,purified MHC - fluorescence,IC50 [nM],25000.0,Positive
205635,1022010,1831516,HLA-DRB1*01:01,ENRSWYLTENIQRFLPNPAG,purified MHC - fluorescence,IC50 [nM],38000.0,Positive
205636,1022010,1831517,HLA-DRB1*03:01,ENRSWYLTENIQRFLPNPAG,purified MHC - fluorescence,IC50 [nM],44000.0,Positive
205637,1022010,1831518,HLA-DRB1*04:01,ENRSWYLTENIQRFLPNPAG,purified MHC - fluorescence,IC50 [nM],48000.0,Positive
205640,1022010,1831524,HLA-DRB1*01:01,ENRSWYLTENIQCFLPNPAG,purified MHC - fluorescence,IC50 [nM],50000.0,Positive
205644,1022010,1831528,HLA-DRB1*15:01,ENRSWYLTENIQCFLPNPAG,purified MHC - fluorescence,IC50 [nM],56000.0,Positive
205646,1022010,1831530,HLA-DRB1*03:01,ENIQRFLPNPAGVQLEDPEF,purified MHC - fluorescence,IC50 [nM],50000.0,Positive
205647,1022010,1831531,HLA-DRB1*04:01,ENIQRFLPNPAGVQLEDPEF,purified MHC - fluorescence,IC50 [nM],38000.0,Positive
205648,1022010,1831532,HLA-DRB1*11:04,ENIQRFLPNPAGVQLEDPEF,purified MHC - fluorescence,IC50 [nM],59000.0,Positive
206499,1019160,1833135,HLA-E*01:03,LMGALAVVL,purified MHC - fluorescence,IC50 [nM],21000.0,Positive
206501,1019160,1833137,HLA-E*01:03,TSADRAVVL,purified MHC - fluorescence,IC50 [nM],39000.0,Positive
206509,1019160,1833145,HLA-E*01:03,AMAGSIDLL,purified MHC - fluorescence,IC50 [nM],34000.0,Positive
206512,1019160,1833148,HLA-E*01:03,AMEYFRQVL,purified MHC - fluorescence,IC50 [nM],28000.0,Positive
206521,1019160,1833157,HLA-E*01:03,RLANLLPLI,purified MHC - fluorescence,IC50 [nM],32000.0,Positive
206525,1019160,1833161,HLA-E*01:03,RLRPELAGL,purified MHC - fluorescence,IC50 [nM],46000.0,Positive
206533,1019160,1833169,HLA-E*01:03,FMTRLGPLL,purified MHC - fluorescence,IC50 [nM],37000.0,Positive
206536,1019160,1833172,HLA-E*01:03,VMAPDAVRI,purified MHC - fluorescence,IC50 [nM],31000.0,Positive
206545,1019160,1833273,HLA-E*01:03,WLPPLLTNL,purified MHC - fluorescence,IC50 [nM],39000.0,Positive
208467,1022200,1848942,HLA-A*02:01,AMDSNTLEL,purified MHC - fluorescence,IC50 [nM],63000.0,Positive
208469,1022200,1848950,HLA-A*02:01,ILKEPVHGV,purified MHC - fluorescence,IC50 [nM],48000.0,Positive
229592,315216,1884263,HLA-DRB5*01:01,EYLNKIQNSLSTEWSPCSVT,purified MHC - fluorescence,IC50 [nM],80000.0,Positive
229593,315216,1884264,HLA-DRB1*03:01,EYLNKIQNSLSTEWSPCSVT,purified MHC - fluorescence,IC50 [nM],70000.0,Positive
229595,315216,1884266,HLA-DRB1*11:01,EYLNKIQNSLSTEWSPCSVT,purified MHC - fluorescence,IC50 [nM],100000.0,Positive
242763,1022522,1903070,H-2-IAk,DSAFDVLSFTAEEKAGVYK,cell bound MHC - fluorescence,IC50 [nM],40100.0,Positive
242764,1022522,1903071,H-2-IAk,SAFDVLSFTAEEKAGV,cell bound MHC - fluorescence,IC50 [nM],22780.0,Positive
242765,1022522,1903072,H-2-IAk,EGFTRLSFTAEEKAAH,cell bound MHC - fluorescence,IC50 [nM],22510.0,Positive
242769,1022522,1903076,H-2-IAk,EAFDSLSAIAEEKAAI,cell bound MHC - fluorescence,IC50 [nM],48130.0,Positive
251959,1022980,1931761,HLA-DQA1*03:02/DQB1*03:03,SGEGSFQPSQQNPQ,purified MHC - fluorescence,IC50 [nM],36000.0,Positive
251961,1022980,1931763,HLA-DQA1*03:02/DQB1*03:03,SGEGSFQPSQENPQ,purified MHC - fluorescence,IC50 [nM],21600.0,Positive-Intermediate
251974,1022854,1937596,HLA-DQA1*05:01/DQB1*02:01,QQPPFTEQEQPVLPQ + ACET(Q1),purified MHC - radioactivity,IC50 [nM],55000.0,Positive
255665,1025434,1969146,HLA-DRB1*04:01,PAVLQSSGLYSLSSVVTVPSSSLGTQ,purified MHC - fluorescence,IC50 [nM],23250.0,Positive-Intermediate
255667,1025434,1969148,HLA-DRB1*11:01,PAVLQSSGLYSLSSVVTVPSSSLGTQ,purified MHC - fluorescence,IC50 [nM],35540.0,Positive-Intermediate
256260,1025905,1980484,HLA-DRB1*04:01,NMFTYEIAPVFVLLEYVTLKKMRE,purified MHC - fluorescence,IC50 [nM],25000.0,Positive-Intermediate
256264,1025905,1980492,HLA-DRB1*04:01,EKGMAALPRLIAFTSEHSHFSLKK,purified MHC - fluorescence,IC50 [nM],25000.0,Positive-Intermediate
256268,1025905,1980498,HLA-DRB1*15:01,TTVYGAFDPLLAVAD,purified MHC - fluorescence,IC50 [nM],31000.0,Positive-Intermediate
256281,1025905,1980511,HLA-DRB1*01:01,VDVFKLWLMWRAKGTTGFEAH,purified MHC - fluorescence,IC50 [nM],25400.0,Positive-Intermediate
256291,1025905,1980521,HLA-DRB1*07:01,VCFWYIPPSLRTLED,purified MHC - fluorescence,IC50 [nM],25200.0,Positive-Intermediate
256297,1025905,1980528,HLA-DRB1*04:01,LGDKVNFFRMVISNPAATHQD,purified MHC - fluorescence,IC50 [nM],25000.0,Positive-Intermediate
256850,1026340,1982716,HLA-A*11:01,KNMEKPGLK,purified MHC - fluorescence,IC50 [nM],24333.0,Positive
261659,1026812,2004774,H-2-IAq,IWYINCFGCETHAML,purified MHC - fluorescence,IC50 [nM],30000.0,Positive-Intermediate
262358,1026928,2008654,HLA-DRB1*01:01,IVSTVLPHLCLDYKVCDK,purified MHC - fluorescence,IC50 [nM],448000.0,Positive
262378,1026928,2008674,HLA-DRB1*01:01,LNAGNIDIINTPINISSE,purified MHC - fluorescence,IC50 [nM],213000.0,Positive
262380,1026928,2008676,HLA-DRB1*01:01,IINTPINISSETNPIINT,purified MHC - fluorescence,IC50 [nM],210000.0,Positive
262388,1026928,2008684,HLA-DRB1*01:01,LTDTEYRARFIGGYIKPD,purified MHC - fluorescence,IC50 [nM],47500.0,Positive
262393,1026928,2008689,HLA-DRB1*01:01,KKYPDLNFDNTYLFNILY,purified MHC - fluorescence,IC50 [nM],23500.0,Positive
262397,1026928,2008693,HLA-DRB1*01:01,NILYKDVINAPIKEFKAK,purified MHC - fluorescence,IC50 [nM],54100.0,Positive
262414,1026928,2008710,HLA-DRB1*01:01,LNTLPLPNVDLTTMPTYK,purified MHC - fluorescence,IC50 [nM],198000.0,Positive
262416,1026928,2008712,HLA-DRB1*01:01,NVDLTTMPTYKHLIMFEQ,purified MHC - fluorescence,IC50 [nM],32500.0,Positive
262418,1026928,2008714,HLA-DRB1*01:01,PTYKHLIMFEQYFIYTYD,purified MHC - fluorescence,IC50 [nM],20300.0,Positive
262431,1026928,2008727,HLA-DRB1*01:01,RLVDFFPDIPVNNNIVLH,purified MHC - fluorescence,IC50 [nM],26200.0,Positive
262437,1026928,2008733,HLA-DRB1*01:01,VTVALPNVQFVDINRNNK,purified MHC - fluorescence,IC50 [nM],58700.0,Positive
262449,1026928,2008745,HLA-DRB1*01:01,LQDMMFINSTCYVFGLYN,purified MHC - fluorescence,IC50 [nM],75700.0,Positive
262459,1026928,2008755,HLA-DRB1*01:01,LLPRVVGGKTVTNLISET,purified MHC - fluorescence,IC50 [nM],195000.0,Positive
262474,1026928,2008770,HLA-DRB1*01:01,TAIKEVVMAYVGIKLGDK,purified MHC - fluorescence,IC50 [nM],21300.0,Positive
262476,1026928,2008772,HLA-DRB1*01:01,MAYVGIKLGDKGSPYYIR,purified MHC - fluorescence,IC50 [nM],33500.0,Positive
262494,1026928,2008790,HLA-DRB1*01:01,SCSKNEAEKLITSAFDLL,purified MHC - fluorescence,IC50 [nM],390000.0,Positive
262498,1026928,2008794,HLA-DRB1*01:01,FDLLNFMVSVSDFRDYQS,purified MHC - fluorescence,IC50 [nM],29000.0,Positive
262501,1026928,2008797,HLA-DRB1*01:01,DYQSYRQYRNYCPRYFYA,purified MHC - fluorescence,IC50 [nM],136000.0,Positive
262503,1026928,2008799,HLA-DRB1*01:01,YRNYCPRYFYAGSPEGEE,purified MHC - fluorescence,IC50 [nM],31100.0,Positive
262505,1026928,2008801,HLA-DRB1*01:01,YFYAGSPEGEETIICDSE,purified MHC - fluorescence,IC50 [nM],60300.0,Positive
262508,1026928,2008804,HLA-DRB1*01:01,CDSEPISILDRIDTRGIF,purified MHC - fluorescence,IC50 [nM],87100.0,Positive
262517,1026928,2008813,HLA-DRB1*01:01,LSRFIESGDITGEDIFCA,purified MHC - fluorescence,IC50 [nM],304000.0,Positive
262519,1026928,2008815,HLA-DRB1*01:01,GDITGEDIFCAMPYNILD,purified MHC - fluorescence,IC50 [nM],35500.0,Positive
262531,1026928,2008827,HLA-DRB1*01:01,SLKNTISKDNNMLVSQAL,purified MHC - fluorescence,IC50 [nM],102000.0,Positive
262537,1026928,2008833,HLA-DRB1*01:01,IGDLRQSSCKMALLFKNL,purified MHC - fluorescence,IC50 [nM],74700.0,Positive
262553,1026928,2008849,HLA-DRB1*01:01,NLKAMLYIIRRSGCRIDD,purified MHC - fluorescence,IC50 [nM],29500.0,Positive
265810,1007212,2019456,H-2-IAg7,AMKRHGLDNYR,purified MHC - radioactivity,IC50 [nM],113000.0,Positive
265815,1007212,2019461,H-2-IAg7,HGLDNYRGYSL,purified MHC - radioactivity,IC50 [nM],92000.0,Positive
266898,1027076,2020583,HLA-A*02:01,SLSEKTVLL,cell bound MHC - fluorescence,IC50 [nM],21000.0,Positive
267841,1027185,2025560,H-2-Db,FCLGGGLCL,purified MHC - fluorescence,IC50 [nM],754580.0,Positive
267844,1027185,2025563,H-2-Db,CLGGGLCL,purified MHC - fluorescence,IC50 [nM],150800.0,Positive
267847,1027185,2025566,H-2-Db,FCLGGGLC,purified MHC - fluorescence,IC50 [nM],2722800.0,Positive
267850,1027185,2025569,H-2-Db,VMVEQVICF,purified MHC - fluorescence,IC50 [nM],560000.0,Positive
267853,1027185,2025572,H-2-Db,VMVEQVICFD,purified MHC - fluorescence,IC50 [nM],22000.0,Positive
267862,1027185,2025582,H-2-Ld,FCLGGGLC,purified MHC - fluorescence,IC50 [nM],150000.0,Positive
282703,1027629,2104285,HLA-A*02:01,YLVAYQATV,purified MHC - fluorescence,IC50 [nM],50000.0,Positive-Intermediate
282706,1027629,2104288,HLA-A*02:01,CINGVCWTV,purified MHC - fluorescence,IC50 [nM],50000.0,Positive-Intermediate
282709,1027629,2104291,HLA-A*02:01,GIDPNIRTGV,purified MHC - fluorescence,IC50 [nM],50000.0,Positive-Intermediate
282710,1027629,2104292,HLA-A*02:01,LLFNILGGWV,purified MHC - fluorescence,IC50 [nM],50000.0,Positive-Intermediate
282713,1027629,2104295,HLA-A*02:01,YVGDLCGSV,purified MHC - fluorescence,IC50 [nM],50000.0,Positive-Intermediate
282730,1027629,2104324,HLA-DRB1*01:01,AARVTQILSSLTITQLLKRLHQWI,purified MHC - fluorescence,IC50 [nM],100000.0,Positive-Intermediate
282731,1027629,2104325,HLA-DRB1*03:01,AARVTQILSSLTITQLLKRLHQWI,purified MHC - fluorescence,IC50 [nM],100000.0,Positive-Intermediate
282732,1027629,2104326,HLA-DRB1*04:01,AARVTQILSSLTITQLLKRLHQWI,purified MHC - fluorescence,IC50 [nM],100000.0,Positive-Intermediate
282733,1027629,2104327,HLA-DRB1*07:01,AARVTQILSSLTITQLLKRLHQWI,purified MHC - fluorescence,IC50 [nM],100000.0,Positive-Intermediate
282735,1027629,2104329,HLA-DRB1*15:01,AARVTQILSSLTITQLLKRLHQWI,purified MHC - fluorescence,IC50 [nM],100000.0,Positive-Intermediate
282737,1027629,2104331,HLA-DRB1*03:01,KLPINALSNSLLRHH,purified MHC - fluorescence,IC50 [nM],100000.0,Positive-Intermediate
282739,1027629,2104333,HLA-DRB1*07:01,KLPINALSNSLLRHH,purified MHC - fluorescence,IC50 [nM],100000.0,Positive-Intermediate
282747,1027629,2104341,HLA-DRB1*15:01,AEQFKQKALGLLQTASRQAE,purified MHC - fluorescence,IC50 [nM],100000.0,Positive-Intermediate
282752,1027629,2104352,HLA-DRB1*11:01,LMAFTAAVTSPLTTS,purified MHC - fluorescence,IC50 [nM],100000.0,Positive-Intermediate
282754,1027629,2104354,HLA-DRB1*01:01,WARMILMTHFFSVLIARDQLEQ,purified MHC - fluorescence,IC50 [nM],100000.0,Positive-Intermediate
282760,1027629,2104372,HLA-DRB1*01:01,DQMWKCLIRLKPTLHGPTP,purified MHC - fluorescence,IC50 [nM],100000.0,Positive-Intermediate
282762,1027629,2104374,HLA-DRB1*04:01,DQMWKCLIRLKPTLHGPTP,purified MHC - fluorescence,IC50 [nM],100000.0,Positive-Intermediate
282763,1027629,2104375,HLA-DRB1*07:01,DQMWKCLIRLKPTLHGPTP,purified MHC - fluorescence,IC50 [nM],100000.0,Positive-Intermediate
282765,1027629,2104377,HLA-DRB1*15:01,DQMWKCLIRLKPTLHGPTP,purified MHC - fluorescence,IC50 [nM],100000.0,Positive-Intermediate
282767,1027629,2104379,HLA-DRB1*03:01,CGKYLFNWAVRTKLKLT,purified MHC - fluorescence,IC50 [nM],100000.0,Positive-Intermediate
282768,1027629,2104380,HLA-DRB1*04:01,CGKYLFNWAVRTKLKLT,purified MHC - fluorescence,IC50 [nM],100000.0,Positive-Intermediate
282776,1027629,2104388,HLA-DRB1*11:01,GIAYFSMVGNWAKVL,purified MHC - fluorescence,IC50 [nM],100000.0,Positive-Intermediate
282778,1027629,2104390,HLA-DRB1*01:01,VPYFVRVQGLLRICALARKAV,purified MHC - fluorescence,IC50 [nM],100000.0,Positive-Intermediate
282779,1027629,2104391,HLA-DRB1*03:01,VPYFVRVQGLLRICALARKAV,purified MHC - fluorescence,IC50 [nM],100000.0,Positive-Intermediate
282780,1027629,2104392,HLA-DRB1*04:01,VPYFVRVQGLLRICALARKAV,purified MHC - fluorescence,IC50 [nM],100000.0,Positive-Intermediate
282784,1027629,2104402,HLA-DRB1*01:01,VPPLRVWRHRARSVRAKLLSQGGRA,purified MHC - fluorescence,IC50 [nM],100000.0,Positive-Intermediate
282965,1027629,2115199,HLA-DRB1*03:01,LENLVVLNAASVAGAHW,purified MHC - fluorescence,IC50 [nM],100000.0,Positive-Intermediate
282968,1027629,2115202,HLA-DRB1*11:01,LENLVVLNAASVAGAHW,purified MHC - fluorescence,IC50 [nM],100000.0,Positive-Intermediate
282970,1027629,2115210,HLA-DRB1*01:01,LGNIIQRLHGLSAFSLHSY,purified MHC - fluorescence,IC50 [nM],100000.0,Positive-Intermediate
282971,1027629,2115211,HLA-DRB1*03:01,LGNIIQRLHGLSAFSLHSY,purified MHC - fluorescence,IC50 [nM],100000.0,Positive-Intermediate
282972,1027629,2115212,HLA-DRB1*04:01,LGNIIQRLHGLSAFSLHSY,purified MHC - fluorescence,IC50 [nM],100000.0,Positive-Intermediate
282973,1027629,2115213,HLA-DRB1*07:01,LGNIIQRLHGLSAFSLHSY,purified MHC - fluorescence,IC50 [nM],100000.0,Positive-Intermediate
282975,1027629,2115215,HLA-DRB1*15:01,LGNIIQRLHGLSAFSLHSY,purified MHC - fluorescence,IC50 [nM],100000.0,Positive-Intermediate
282976,1027629,2115222,HLA-DRB1*01:01,LQVLKEVKAAASKVKANL,purified MHC - fluorescence,IC50 [nM],100000.0,Positive-Intermediate
282977,1027629,2115223,HLA-DRB1*03:01,LQVLKEVKAAASKVKANL,purified MHC - fluorescence,IC50 [nM],100000.0,Positive-Intermediate
282979,1027629,2115225,HLA-DRB1*07:01,LQVLKEVKAAASKVKANL,purified MHC - fluorescence,IC50 [nM],100000.0,Positive-Intermediate
282980,1027629,2115226,HLA-DRB1*11:01,LQVLKEVKAAASKVKANL,purified MHC - fluorescence,IC50 [nM],100000.0,Positive-Intermediate
282981,1027629,2115227,HLA-DRB1*15:01,LQVLKEVKAAASKVKANL,purified MHC - fluorescence,IC50 [nM],100000.0,Positive-Intermediate
282983,1027629,2115234,HLA-DRB1*03:01,AYCLWMMLLISQAEAALELIT,purified MHC - fluorescence,IC50 [nM],100000.0,Positive-Intermediate
282989,1027629,2115246,HLA-DRB1*03:01,AAILRRHIDLLVGSATLCSALY,purified MHC - fluorescence,IC50 [nM],100000.0,Positive-Intermediate
282990,1027629,2115247,HLA-DRB1*04:01,AAILRRHIDLLVGSATLCSALY,purified MHC - fluorescence,IC50 [nM],100000.0,Positive-Intermediate
282992,1027629,2115249,HLA-DRB1*11:01,AAILRRHIDLLVGSATLCSALY,purified MHC - fluorescence,IC50 [nM],100000.0,Positive-Intermediate
282995,1027629,2115258,HLA-DRB1*03:01,PGEINRVASCLRKLGVPPLRAY,purified MHC - fluorescence,IC50 [nM],100000.0,Positive-Intermediate
