,Reference ID,MHC Ligand ID,Epitope,Assay Units,Binder,Assay Method,Assay Value,Allele
71,363,474,SEFAYGSFVRTVSL,IC50 [nM],Positive-High,purified MHC - fluorescence,4600.0,HLA-DR1
72,363,475,SEFAYGSFVRTVSL,IC50 [nM],Positive-High,purified MHC - fluorescence,7100.0,HLA-DR15
73,363,476,SEFAYGSFVRTVSL,IC50 [nM],Positive-High,purified MHC - fluorescence,5100.0,HLA-DR11
74,363,477,SEFAYGSFVRTVSL,IC50 [nM],Positive-High,purified MHC - fluorescence,2000.0,HLA-DR13
75,363,478,SEFAYGSFVRTVSL,IC50 [nM],Positive-High,purified MHC - fluorescence,6100.0,HLA-DR7
1234,363,17865,SEFAYGSFVRTVSLPVGADE,IC50 [nM],Positive-High,purified MHC - fluorescence,4000.0,HLA-DR1
1235,363,17866,SEFAYGSFVRTVSLPVGADE,IC50 [nM],Positive-High,purified MHC - fluorescence,3000.0,HLA-DR15
1236,363,17867,SEFAYGSFVRTVSLPVGADE,IC50 [nM],Positive-High,purified MHC - fluorescence,6300.0,HLA-DR11
1237,363,17868,SEFAYGSFVRTVSLPVGADE,IC50 [nM],Positive-High,purified MHC - fluorescence,7100.0,HLA-DR13
1238,363,17869,SEFAYGSFVRTVSLPVGADE,IC50 [nM],Positive-High,purified MHC - fluorescence,5600.0,HLA-DR7
1239,363,17876,SEFAYGSFVRTVS,IC50 [nM],Positive-High,purified MHC - fluorescence,5000.0,HLA-DR1
1241,363,17878,SEFAYGSFVRTVS,IC50 [nM],Positive-High,purified MHC - fluorescence,6000.0,HLA-DR11
1242,363,17879,SEFAYGSFVRTVS,IC50 [nM],Positive-High,purified MHC - fluorescence,4400.0,HLA-DR13
1243,363,17880,SEFAYGSFVRTVS,IC50 [nM],Positive-High,purified MHC - fluorescence,4500.0,HLA-DR7
1244,363,17881,SEFAYGSFVRTV,IC50 [nM],Positive-High,purified MHC - fluorescence,4800.0,HLA-DR1
1246,363,17883,SEFAYGSFVRTV,IC50 [nM],Positive-High,purified MHC - fluorescence,9000.0,HLA-DR11
1247,363,17884,SEFAYGSFVRTV,IC50 [nM],Positive-High,purified MHC - fluorescence,6000.0,HLA-DR13
1248,363,17885,SEFAYGSFVRTV,IC50 [nM],Positive-High,purified MHC - fluorescence,7800.0,HLA-DR7
1249,363,17886,SEFAYGSFVRT,IC50 [nM],Positive-High,purified MHC - fluorescence,8000.0,HLA-DR1
1251,363,17888,SEFAYGSFVRT,IC50 [nM],Positive-High,purified MHC - fluorescence,6200.0,HLA-DR11
1252,363,17889,SEFAYGSFVRT,IC50 [nM],Positive-High,purified MHC - fluorescence,6700.0,HLA-DR13
1253,363,17890,SEFAYGSFVRT,IC50 [nM],Positive-High,purified MHC - fluorescence,8100.0,HLA-DR7
1259,363,17896,EFAYGSFVRTVSLPVGADE,IC50 [nM],Positive-High,purified MHC - fluorescence,6900.0,HLA-DR1
1260,363,17897,EFAYGSFVRTVSLPVGADE,IC50 [nM],Positive-High,purified MHC - fluorescence,4500.0,HLA-DR15
1261,363,17898,EFAYGSFVRTVSLPVGADE,IC50 [nM],Positive-High,purified MHC - fluorescence,7600.0,HLA-DR11
1262,363,17899,EFAYGSFVRTVSLPVGADE,IC50 [nM],Positive-High,purified MHC - fluorescence,8700.0,HLA-DR13
1263,363,17900,EFAYGSFVRTVSLPVGADE,IC50 [nM],Positive-High,purified MHC - fluorescence,7000.0,HLA-DR7
1264,363,17901,FAYGSFVRTVSLPVGADE,IC50 [nM],Positive-High,purified MHC - fluorescence,5500.0,HLA-DR1
1266,363,17903,FAYGSFVRTVSLPVGADE,IC50 [nM],Positive-High,purified MHC - fluorescence,8000.0,HLA-DR11
1267,363,17904,FAYGSFVRTVSLPVGADE,IC50 [nM],Positive-High,purified MHC - fluorescence,8000.0,HLA-DR13
1268,363,17905,FAYGSFVRTVSLPVGADE,IC50 [nM],Positive-High,purified MHC - fluorescence,8000.0,HLA-DR7
1279,363,17916,EFAYGSFVRTVSL,IC50 [nM],Positive-High,purified MHC - fluorescence,6200.0,HLA-DR1
1280,363,17917,EFAYGSFVRTVSL,IC50 [nM],Positive-High,purified MHC - fluorescence,4600.0,HLA-DR15
1281,363,17918,EFAYGSFVRTVSL,IC50 [nM],Positive-High,purified MHC - fluorescence,5600.0,HLA-DR11
1282,363,17919,EFAYGSFVRTVSL,IC50 [nM],Positive-High,purified MHC - fluorescence,4600.0,HLA-DR13
1283,363,17920,EFAYGSFVRTVSL,IC50 [nM],Positive-High,purified MHC - fluorescence,5200.0,HLA-DR7
1284,363,17921,FAYGSFVRTVSL,IC50 [nM],Positive-High,purified MHC - fluorescence,3000.0,HLA-DR1
1286,363,17923,FAYGSFVRTVSL,IC50 [nM],Positive-High,purified MHC - fluorescence,4700.0,HLA-DR11
1287,363,17924,FAYGSFVRTVSL,IC50 [nM],Positive-High,purified MHC - fluorescence,5900.0,HLA-DR13
1288,363,17925,FAYGSFVRTVSL,IC50 [nM],Positive-High,purified MHC - fluorescence,6400.0,HLA-DR7
32955,1000430,1069552,LEDKILVQAGEAETMT,IC50 [nM],Positive-High,purified MHC - radioactivity,10000.0,HLA-DR1
32956,1000430,1069553,LEDKILVQANEAETTT,IC50 [nM],Positive-High,purified MHC - radioactivity,10000.0,HLA-DR1
32957,1000430,1069554,YNGEEYLILSARDVLAVVSK,IC50 [nM],Positive-High,purified MHC - radioactivity,10000.0,HLA-DR1
32958,1000430,1069555,YNGEEYLILSARDVLAVVSK,IC50 [nM],Positive-High,purified MHC - radioactivity,10000.0,HLA-DR1
32995,1000430,1069599,PSGLVIPENAKEKPQE,IC50 [nM],Positive-High,purified MHC - radioactivity,10000.0,HLA-DRB5
33013,1000430,1069617,LEDKILVQANEAETTT,IC50 [nM],Positive-High,purified MHC - radioactivity,10000.0,HLA-DR17
33014,1000430,1069618,LEDKILVQANEAETTT,IC50 [nM],Positive-High,purified MHC - radioactivity,10000.0,HLA-DR4
33015,1000430,1069619,LEDKILVQANEAETTT,IC50 [nM],Positive-High,purified MHC - radioactivity,10000.0,HLA-DR11
33016,1000430,1069620,LEDKILVQANEAETTT,IC50 [nM],Positive-High,purified MHC - radioactivity,10000.0,HLA-DR14
33018,1000430,1069623,LEDKILVQANEAETTT,IC50 [nM],Positive-High,purified MHC - radioactivity,10000.0,HLA-DR8
33019,1000430,1069624,LEDKILVQANEAETTT,IC50 [nM],Positive-High,purified MHC - radioactivity,10000.0,HLA-DR9
33027,1000430,1069633,LEDKILVQAGEAETMT,IC50 [nM],Positive-High,purified MHC - radioactivity,10000.0,HLA-DR11
33030,1000430,1069636,LEDKILVQAGEAETMT,IC50 [nM],Positive-High,purified MHC - radioactivity,10000.0,HLA-DR8
33031,1000430,1069637,LEDKILVQAGEAETMT,IC50 [nM],Positive-High,purified MHC - radioactivity,10000.0,HLA-DR9
33035,1000430,1069649,AGEAETMTPSGLVIPE,IC50 [nM],Positive-High,purified MHC - radioactivity,10000.0,HLA-DR7
33089,1000430,1078639,EGDIVIYSKYGGTEI,IC50 [nM],Positive-High,purified MHC - radioactivity,10000.0,HLA-DR11
39719,1000430,1106279,EGDIVIYSKYGGTEI,IC50 [nM],Positive-High,purified MHC - radioactivity,10000.0,HLA-DR14
39721,1000430,1106288,KRIPVDVSEGDIVIYS,IC50 [nM],Positive-High,purified MHC - radioactivity,10000.0,HLA-DR11
39739,1000430,1106306,EGDIVIYSKYGGTEI,IC50 [nM],Positive-High,purified MHC - radioactivity,10000.0,HLA-DR8
39748,1000430,1106315,YNGEEYLILSARDVLAVVSK,IC50 [nM],Positive-High,purified MHC - radioactivity,10000.0,HLA-DR17
39749,1000430,1106316,YNGEEYLILSARDVLAVVSK,IC50 [nM],Positive-High,purified MHC - radioactivity,10000.0,HLA-DR4
39750,1000430,1106317,YNGEEYLILSARDVLAVVSK,IC50 [nM],Positive-High,purified MHC - radioactivity,10000.0,HLA-DR11
39751,1000430,1106318,YNGEEYLILSARDVLAVVSK,IC50 [nM],Positive-High,purified MHC - radioactivity,10000.0,HLA-DR14
39752,1000430,1106319,YNGEEYLILSARDVLAVVSK,IC50 [nM],Positive-High,purified MHC - radioactivity,10000.0,HLA-DR7
39753,1000430,1106320,YNGEEYLILSARDVLAVVSK,IC50 [nM],Positive-High,purified MHC - radioactivity,10000.0,HLA-DR8
39754,1000430,1106321,YNGEEYLILSARDVLAVVSK,IC50 [nM],Positive-High,purified MHC - radioactivity,10000.0,HLA-DR9
39755,1000430,1106322,YNGEEYLILSARDVLAVVSK,IC50 [nM],Positive-High,purified MHC - radioactivity,10000.0,HLA-DR17
39756,1000430,1106323,YNGEEYLILSARDVLAVVSK,IC50 [nM],Positive-High,purified MHC - radioactivity,10000.0,HLA-DR4
39757,1000430,1106324,YNGEEYLILSARDVLAVVSK,IC50 [nM],Positive-High,purified MHC - radioactivity,10000.0,HLA-DR11
39758,1000430,1106325,YNGEEYLILSARDVLAVVSK,IC50 [nM],Positive-High,purified MHC - radioactivity,10000.0,HLA-DR14
39759,1000430,1106326,YNGEEYLILSARDVLAVVSK,IC50 [nM],Positive-High,purified MHC - radioactivity,10000.0,HLA-DR7
39760,1000430,1106327,YNGEEYLILSARDVLAVVSK,IC50 [nM],Positive-High,purified MHC - radioactivity,10000.0,HLA-DR8
39761,1000430,1106328,YNGEEYLILSARDVLAVVSK,IC50 [nM],Positive-High,purified MHC - radioactivity,10000.0,HLA-DR9
45973,1000430,1162725,VIPENAKEK,IC50 [nM],Positive-High,purified MHC - radioactivity,10000.0,HLA-DRB5*01:01
45975,1000430,1162735,TMTPSGLVIPENAKE,IC50 [nM],Positive-High,purified MHC - radioactivity,10000.0,HLA-DRB5*01:01
45976,1000430,1162736,MTPSGLVIPENAKEK,IC50 [nM],Positive-High,purified MHC - radioactivity,10000.0,HLA-DRB5*01:01
45977,1000430,1162737,GLVIPENAKEKPQEG,IC50 [nM],Positive-High,purified MHC - radioactivity,10000.0,HLA-DRB5*01:01
45980,1000430,1162740,PSGLVIPENAKEKPQ,IC50 [nM],Positive-High,purified MHC - radioactivity,10000.0,HLA-DRB5*01:01
45982,1000430,1162744,PSGLVIPETAKEKP,IC50 [nM],Positive-High,purified MHC - radioactivity,10000.0,HLA-DRB5*01:01
66337,363,1271733,AEFAYGSFVRTVSL,IC50 [nM],Positive-High,purified MHC - fluorescence,7000.0,HLA-DR1
66338,363,1271734,AEFAYGSFVRTVSL,IC50 [nM],Positive-High,purified MHC - fluorescence,6000.0,HLA-DR15
66339,363,1271735,AEFAYGSFVRTVSL,IC50 [nM],Positive-High,purified MHC - fluorescence,8000.0,HLA-DR13
66340,363,1271736,AEFAYGSFVRTVSL,IC50 [nM],Positive-High,purified MHC - fluorescence,7700.0,HLA-DR11
66341,363,1271737,AEFAYGSFVRTVSL,IC50 [nM],Positive-High,purified MHC - fluorescence,5000.0,HLA-DR7
66357,363,1271785,SEFAAGSFVRTVSL,IC50 [nM],Positive-High,purified MHC - fluorescence,4000.0,HLA-DR15
66358,363,1271786,SEFAAGSFVRTVSL,IC50 [nM],Positive-High,purified MHC - fluorescence,7000.0,HLA-DR7
66359,363,1271787,SEFAAGSFVRTVSL,IC50 [nM],Positive-High,purified MHC - fluorescence,6000.0,HLA-DR1
66361,363,1271789,SEFAAGSFVRTVSL,IC50 [nM],Positive-High,purified MHC - fluorescence,7000.0,HLA-DR13
66362,363,1271792,SEFAYASFVRTVSL,IC50 [nM],Positive-High,purified MHC - fluorescence,5000.0,HLA-DR1
66363,363,1271793,SEFAYASFVRTVSL,IC50 [nM],Positive-High,purified MHC - fluorescence,9000.0,HLA-DR11
66364,363,1271794,SEFAYASFVRTVSL,IC50 [nM],Positive-High,purified MHC - fluorescence,3000.0,HLA-DR13
66365,363,1271795,SEFAYASFVRTVSL,IC50 [nM],Positive-High,purified MHC - fluorescence,6800.0,HLA-DR7
66366,363,1271796,SEFAYASFVRTVSL,IC50 [nM],Positive-High,purified MHC - fluorescence,2000.0,HLA-DR15
66367,363,1271798,SEFAYGAFVRTVSL,IC50 [nM],Positive-High,purified MHC - fluorescence,5900.0,HLA-DR13
66382,363,1271824,SEFAYGSFVATVSL,IC50 [nM],Positive-High,purified MHC - fluorescence,5800.0,HLA-DR15
66385,363,1271827,SEFAYGSFVATVSL,IC50 [nM],Positive-High,purified MHC - fluorescence,6300.0,HLA-DR1
66386,363,1271828,SEFAYGSFVATVSL,IC50 [nM],Positive-High,purified MHC - fluorescence,8100.0,HLA-DR7
66387,363,1271830,SEFAYGSFVRAVSL,IC50 [nM],Positive-High,purified MHC - fluorescence,7100.0,HLA-DR1
66388,363,1271831,SEFAYGSFVRAVSL,IC50 [nM],Positive-High,purified MHC - fluorescence,6300.0,HLA-DR13
66389,363,1271832,SEFAYGSFVRAVSL,IC50 [nM],Positive-High,purified MHC - fluorescence,6900.0,HLA-DR7
66390,363,1271833,SEFAYGSFVRAVSL,IC50 [nM],Positive-High,purified MHC - fluorescence,5500.0,HLA-DR11
66391,363,1271834,SEFAYGSFVRAVSL,IC50 [nM],Positive-High,purified MHC - fluorescence,6600.0,HLA-DR15
66392,363,1271840,SEFAYGSFVRTASL,IC50 [nM],Positive-High,purified MHC - fluorescence,7000.0,HLA-DR7
66393,363,1271841,SEFAYGSFVRTASL,IC50 [nM],Positive-High,purified MHC - fluorescence,4400.0,HLA-DR1
66394,363,1271842,SEFAYGSFVRTASL,IC50 [nM],Positive-High,purified MHC - fluorescence,4400.0,HLA-DR15
66395,363,1271843,SEFAYGSFVRTASL,IC50 [nM],Positive-High,purified MHC - fluorescence,6700.0,HLA-DR11
66396,363,1271844,SEFAYGSFVRTASL,IC50 [nM],Positive-High,purified MHC - fluorescence,7700.0,HLA-DR13
66397,363,1271850,SEFAYGSFVRTVAL,IC50 [nM],Positive-High,purified MHC - fluorescence,8000.0,HLA-DR11
66403,363,1271856,SEFAYGSFVRTVSA,IC50 [nM],Positive-High,purified MHC - fluorescence,4000.0,HLA-DR11
66404,363,1271857,SEFAYGSFVRTVSA,IC50 [nM],Positive-High,purified MHC - fluorescence,7600.0,HLA-DR1
66405,363,1271858,SEFAYGSFVRTVSA,IC50 [nM],Positive-High,purified MHC - fluorescence,7800.0,HLA-DR7
66406,363,1271859,SEFAYGSFVRTVSA,IC50 [nM],Positive-High,purified MHC - fluorescence,9000.0,HLA-DR13
75323,1004932,1383801,SEFAYGSFVRTVSLPVGADE,IC50 [nM],Positive-High,purified MHC - fluorescence,10000.0,HLA-DR1
75324,1004932,1383802,SEFAYGSFVRTVSLPVGADE,IC50 [nM],Positive-High,purified MHC - fluorescence,10000.0,HLA-DR2
75326,1004932,1383804,SEFAYGSFVRTVSLPVGADE,IC50 [nM],Positive-High,purified MHC - fluorescence,10000.0,HLA-DR4
75327,1004932,1383805,SEFAYGSFVRTVSLPVGADE,IC50 [nM],Positive-High,purified MHC - fluorescence,10000.0,HLA-DR5
75329,1004932,1383807,SEFAYGSFVRTVSLPVGADE,IC50 [nM],Positive-High,purified MHC - fluorescence,10000.0,HLA-DR7
75330,1004932,1383808,SEFAYGSFVRTVSLPVGADE,IC50 [nM],Positive-High,purified MHC - fluorescence,10000.0,HLA-DR8
75331,1004932,1383809,SEFAYGSFVRTVSLPVGADE,IC50 [nM],Positive-High,purified MHC - fluorescence,10000.0,HLA-DR9
75337,1004932,1383815,DDIKATYDKGILTVSVAVSE,IC50 [nM],Positive-High,purified MHC - fluorescence,10000.0,HLA-DR4
75351,1004932,1383829,MKIRLHTLLAVLTAAPLLLA,IC50 [nM],Positive-High,purified MHC - fluorescence,10000.0,HLA-DR4
75352,1004932,1383830,MKIRLHTLLAVLTAAPLLLA,IC50 [nM],Positive-High,purified MHC - fluorescence,10000.0,HLA-DR6
75355,1004932,1383833,MKIRLHTLLAVLTAAPLLLA,IC50 [nM],Positive-High,purified MHC - fluorescence,10000.0,HLA-DR8
75357,1004932,1383835,MKIRLHTLLAVLTAAPLLLA,IC50 [nM],Positive-High,purified MHC - fluorescence,10000.0,HLA-DR2
75358,1004932,1383836,MKIRLHTLLAVLTAAPLLLA,IC50 [nM],Positive-High,purified MHC - fluorescence,10000.0,HLA-DR1
75360,1004932,1383838,SGNFLLPDAQSIQAAAAGFA,IC50 [nM],Positive-High,purified MHC - fluorescence,10000.0,HLA-DR3
75363,1004932,1383841,SGNFLLPDAQSIQAAAAGFA,IC50 [nM],Positive-High,purified MHC - fluorescence,10000.0,HLA-DR9
75372,1004932,1383850,APDGYPIINYEYAIVNNRQK,IC50 [nM],Positive-High,purified MHC - fluorescence,10000.0,HLA-DR2
75380,1004932,1383858,DQVHFQPLPPAVVKLSDALI,IC50 [nM],Positive-High,purified MHC - fluorescence,10000.0,HLA-DR8
75385,1004932,1383863,DQVHFQPLPPAVVKLSDALI,IC50 [nM],Positive-High,purified MHC - fluorescence,10000.0,HLA-DR1
104155,1010862,1478994,RLDDDGNFQL,IC50 [nM],Positive-High,purified MHC - fluorescence,847.0,HLA-A*02:01
104161,1010862,1479003,SLTSINVQA,IC50 [nM],Positive-High,purified MHC - fluorescence,503.0,HLA-A*02:01
104163,1010862,1479006,ATWAENIQV,IC50 [nM],Positive-High,purified MHC - fluorescence,780.0,HLA-A*02:01
104443,1008043,1484278,DVNEFRAVTPLGRPDAE,IC50 [nM],Positive-High,purified MHC - fluorescence,16060.0,BoLA-DRB3*2703
104446,1008043,1484281,ISQAVHAAHAEIN,IC50 [nM],Positive-High,purified MHC - fluorescence,26920.0,BoLA-DRB3*2703
104448,1008043,1484283,ISQAVHAAHAEINEAGR,IC50 [nM],Positive-High,purified MHC - fluorescence,72220.0,BoLA-DRB3*2703
104450,1008043,1484285,SIINNYYMQQYQNSM,IC50 [nM],Positive-High,purified MHC - fluorescence,46460.0,BoLA-DRB3*2703
104764,1007465,1486260,NNNWLKKFTEMTNACKGMEW,IC50 [nM],Positive-High,purified MHC - fluorescence,3000.0,HLA-DQA1*03:01/DQB1*03:02
104768,1007465,1486264,TEMTNACKGMEWIAVKIQKF,IC50 [nM],Positive-High,purified MHC - fluorescence,2200.0,HLA-DQA1*03:01/DQB1*03:02
104795,1007465,1486291,QSAPSQSDQEQLFSNVQYFA,IC50 [nM],Positive-High,purified MHC - fluorescence,1900.0,HLA-DQA1*05:01/DQB1*02:01
104841,1007465,1486340,PDHFDGYKQQAVVIMDDLCQ,IC50 [nM],Positive-High,purified MHC - fluorescence,1900.0,HLA-DQA1*03:01/DQB1*03:02
104848,1007465,1486347,DLCQNPDGKDVSLFCQMVSS,IC50 [nM],Positive-High,purified MHC - fluorescence,940.0,HLA-DQA1*05:01/DQB1*02:01
104901,1007465,1486403,AIQFIDRRTQVRYSLDMLVT,IC50 [nM],Positive-High,purified MHC - fluorescence,1000.0,HLA-DQA1*05:01/DQB1*02:01
105041,1012429,1491804,TTSVIPAARLFKAFI,IC50 [nM],Positive-High,purified MHC - fluorescence,572.0,HLA-DRB1*03:01
105059,1012429,1491822,SNEIKIVATPDGGSI,IC50 [nM],Positive-High,purified MHC - fluorescence,650.0,HLA-DRB1*15:01
105894,1013071,1498332,GINTRNMTMSMSMIL,IC50 [nM],Positive-High,purified MHC - radioactivity,964.0,H-2-IAd
105908,1013071,1498404,NMVRRGVRSLSNKIK,IC50 [nM],Positive-High,purified MHC - radioactivity,801.0,H-2-IAd
105924,1013071,1498420,FFLFNILTGKKITAH,IC50 [nM],Positive-High,purified MHC - radioactivity,562.0,H-2-IAd
105925,1013071,1498421,FFLFNILTGKKITAH,IC50 [nM],Positive-High,purified MHC - radioactivity,992.0,H-2-IEd
105932,1013071,1498428,KRLWKMLDPRQGLAV,IC50 [nM],Positive-High,purified MHC - radioactivity,539.0,H-2-IAd
105943,1013071,1498439,RVVASLMRGLSSRKR,IC50 [nM],Positive-High,purified MHC - radioactivity,522.0,H-2-IEd
105945,1013071,1498441,SLMRGLSSRKRRSHD,IC50 [nM],Positive-High,purified MHC - radioactivity,545.0,H-2-IEd
105970,1013071,1498466,LQKIERWFVRNPFFA,IC50 [nM],Positive-High,purified MHC - radioactivity,593.0,H-2-IAd
132003,1005928,1585691,GREILLGPADGMVSK,IC50 [nM],Positive-High,purified MHC - fluorescence,3107.0,HLA-DR11
132482,1008199,1588663,AAENAEAA,IC50 [nM],Positive-High,cell bound MHC - fluorescence,10000.0,H-2-Db
153176,1007557,1636660,SNMYAMMIARFKMFPEVKEK,IC50 [nM],Positive-High,cell bound MHC - fluorescence,3000.0,HLA-DRB5*01:01
153863,1007463,1637585,LVEALYLVC,IC50 [nM],Positive-High,purified MHC - fluorescence,3600.0,HLA-A*02:01
153868,1007463,1637590,SHLVEALYLV,IC50 [nM],Positive-High,purified MHC - fluorescence,1370.0,HLA-A*02:01
153869,1007463,1637591,HLVEALYLVC,IC50 [nM],Positive-High,purified MHC - fluorescence,1750.0,HLA-A*02:01
153870,1007463,1637592,YLVCGERGFF,IC50 [nM],Positive-High,purified MHC - fluorescence,2300.0,HLA-A*02:01
153874,1007463,1637596,ALYLVCGERGF,IC50 [nM],Positive-High,purified MHC - fluorescence,2260.0,HLA-A*02:01
153875,1007463,1637597,GSHLVEALYLV,IC50 [nM],Positive-High,purified MHC - fluorescence,3730.0,HLA-A*02:01
154505,1006879,1639150,MHCQTTLKYAIKTGH,IC50 [nM],Positive-High,purified MHC - fluorescence,105000.0,HLA-DQA1*03:01/DQB1*03:02
154508,1006879,1639156,NMYAMMIARFKMFPEVKEKG,IC50 [nM],Positive-High,purified MHC - fluorescence,210000.0,HLA-DQA1*03:01/DQB1*03:02
154540,1007460,1639505,HLCGSHLVEAL,IC50 [nM],Positive-High,purified MHC - fluorescence,1500.0,HLA-DQA1*01:02/DQB1*06:02
154708,1007460,1639810,FLHATDLLPAC,IC50 [nM],Positive-High,purified MHC - fluorescence,1900.0,HLA-DQA1*01:02/DQB1*06:04
154709,1007460,1639811,FLHATDLLPAC,IC50 [nM],Positive-High,purified MHC - fluorescence,2600.0,HLA-DQA1*01:02/DQB1*06:02
154711,1007460,1639816,TVYGAFDPLLA,IC50 [nM],Positive-High,purified MHC - fluorescence,4000.0,HLA-DQA1*01:02/DQB1*06:02
154712,1007460,1639818,DVMNILLQYVV,IC50 [nM],Positive-High,purified MHC - fluorescence,4900.0,HLA-DQA1*01:02/DQB1*06:04
154713,1007460,1639819,DVMNILLQYVV,IC50 [nM],Positive-High,purified MHC - fluorescence,5200.0,HLA-DQA1*01:02/DQB1*06:02
154714,1007460,1639820,SVLLTLVALAG,IC50 [nM],Positive-High,purified MHC - fluorescence,7400.0,HLA-DQA1*01:02/DQB1*06:04
154715,1007460,1639821,SVLLTLVALAG,IC50 [nM],Positive-High,purified MHC - fluorescence,8000.0,HLA-DQA1*01:02/DQB1*06:02
154736,1007460,1639845,GVAGLLVALAV,IC50 [nM],Positive-High,purified MHC - fluorescence,1100.0,HLA-DQA1*01:02/DQB1*06:02
154758,1007460,1639893,MSSGSFINISV,IC50 [nM],Positive-High,purified MHC - fluorescence,940.0,HLA-DQA1*01:02/DQB1*06:02
154760,1007460,1639895,ATAGTTVYGAF,IC50 [nM],Positive-High,purified MHC - fluorescence,2600.0,HLA-DQA1*01:02/DQB1*06:02
154761,1007460,1639899,LVEALYLVCGE,IC50 [nM],Positive-High,purified MHC - fluorescence,6600.0,HLA-DQA1*01:02/DQB1*06:04
154762,1007460,1639900,LVEALYLVCGE,IC50 [nM],Positive-High,purified MHC - fluorescence,5800.0,HLA-DQA1*01:02/DQB1*06:02
154764,1007460,1639902,KMMGVPLQCSA,IC50 [nM],Positive-High,purified MHC - fluorescence,7000.0,HLA-DQA1*01:02/DQB1*06:02
154766,1007460,1639909,LQRLAAVLAGY,IC50 [nM],Positive-High,purified MHC - fluorescence,8600.0,HLA-DQA1*01:02/DQB1*06:02
155209,1014771,1645474,ISSYFVGKMYFNL,IC50 [nM],Positive-High,purified MHC - fluorescence,1000.0,H-2-IEd
155216,1014771,1645481,KMYFNLIDTKCYK,IC50 [nM],Positive-High,purified MHC - fluorescence,1000.0,H-2-IEd
155225,1014771,1645490,CLHYTVDKSKPKV,IC50 [nM],Positive-High,purified MHC - fluorescence,1000.0,H-2-IEd
155234,1014771,1645499,KPKVYQWFDLRKY,IC50 [nM],Positive-High,purified MHC - fluorescence,1000.0,H-2-IEd
155344,1014776,1646230,RSFTLASSET,IC50 [nM],Positive-High,purified MHC - fluorescence,7000.0,HLA-DRB1*04:01
155512,1014780,1646586,IPMFSALSEGATPQDL,IC50 [nM],Positive-High,purified MHC - fluorescence,4000.0,HLA-DRB1*01:01
155523,1014780,1646597,IPVGEIYKRWIILGL,IC50 [nM],Positive-High,purified MHC - fluorescence,1000.0,HLA-DRB1*01:03
155529,1014780,1646603,LNKIVRMYSPTSILDIRQ,IC50 [nM],Positive-High,purified MHC - fluorescence,1000.0,HLA-DRB1*01:03
155547,1014780,1646689,ELYKYKVVKIEPLGVA,IC50 [nM],Positive-High,purified MHC - fluorescence,1000.0,HLA-DRB1*01:03
155614,1014747,1647306,SQRFSKIASNTQSR,IC50 [nM],Positive-High,purified MHC - fluorescence,1000.0,HLA-DRB1*04:01
155615,1014747,1647307,SQRFSKIASNTQSR,IC50 [nM],Positive-High,purified MHC - fluorescence,1000.0,HLA-DRB1*04:04
155617,1014747,1647309,PTFGRSFTLASSE,IC50 [nM],Positive-High,purified MHC - fluorescence,1000.0,HLA-DRB1*04:01
155619,1014747,1647311,RSFTLASSETGVG,IC50 [nM],Positive-High,purified MHC - fluorescence,1000.0,HLA-DRB1*01:01
155620,1014747,1647312,RSFTLASSETGVG,IC50 [nM],Positive-High,purified MHC - fluorescence,1000.0,HLA-DRB1*04:01
155621,1014747,1647313,RSFTLASSETGVG,IC50 [nM],Positive-High,purified MHC - fluorescence,1000.0,HLA-DRB1*04:04
155623,1014747,1647316,VGYDDQESVKSKV,IC50 [nM],Positive-High,purified MHC - fluorescence,1000.0,HLA-DRB1*04:01
155625,1014747,1647333,RSFTLASSETGV,IC50 [nM],Positive-High,purified MHC - fluorescence,1000.0,HLA-DRB1*04:01
155626,1014747,1647334,RSFTLASSETG,IC50 [nM],Positive-High,purified MHC - fluorescence,1000.0,HLA-DRB1*04:01
155627,1014747,1647335,SFTLASSETGVG,IC50 [nM],Positive-High,purified MHC - fluorescence,1000.0,HLA-DRB1*04:01
155628,1014747,1647336,SFTLASSETGV,IC50 [nM],Positive-High,purified MHC - fluorescence,1000.0,HLA-DRB1*04:01
155630,1014747,1647338,PTFGRSFTLASSE,IC50 [nM],Positive-High,purified MHC - fluorescence,1000.0,HLA-DRB1*04:01
156405,1015824,1654437,YMLDLQPETV,IC50 [nM],Positive-High,cell bound MHC - fluorescence,3000.0,HLA-A*02:01
156406,1015824,1654440,YMLDLQPETL,IC50 [nM],Positive-High,cell bound MHC - fluorescence,3500.0,HLA-A*02:01
156409,1014946,1654660,LTIQIESAADQDPS,IC50 [nM],Positive-High,purified MHC - radioactivity,2500.0,HLA-DQ8
156410,1014946,1654668,RTGIAQALSSFDLH,IC50 [nM],Positive-High,purified MHC - radioactivity,2500.0,HLA-DQ8
156411,1014946,1654669,LYPDYQIQAGIMIT,IC50 [nM],Positive-High,purified MHC - radioactivity,700.0,HLA-DQ8
156412,1014946,1654670,ILSVHVATAASQDS,IC50 [nM],Positive-High,purified MHC - radioactivity,4900.0,HLA-DQ8
156985,1015900,1656955,REVYDFAFRDL,IC50 [nM],Positive-High,cell bound MHC - fluorescence,700.0,H-2-Kb
157744,1015312,1664203,SKYLATASTMDHARHGFLPR,IC50 [nM],Positive-High,purified MHC - fluorescence,5000.0,HLA-DR1
157746,1015312,1664244,AHKGFKGVDAQTLSK,IC50 [nM],Positive-High,purified MHC - fluorescence,7000.0,HLA-DR1
158012,200002,1666355,ASQKRPSQRSKYLATASTMD + ACET(A1),IC50 [nM],Positive-High,purified MHC - radioactivity,600.0,H-2-IAs
158046,1006917,1666672,VHFFKNIVTPRTP,IC50 [nM],Positive-High,cell bound MHC - fluorescence,7000.0,RT1-B1
158052,1006917,1666681,HFFKNIVTPRTP,IC50 [nM],Positive-High,cell bound MHC - fluorescence,7000.0,RT1-B1
158055,1006917,1666684,KNIVTPRTP,IC50 [nM],Positive-High,cell bound MHC - fluorescence,5000.0,RT1-B1
158270,1015369,1675467,QKSQRSQDENPV,IC50 [nM],Positive-High,purified MHC - fluorescence,8000.0,RT1-Bl
158272,1015369,1675477,QKSQRSQNENPV + GAL(N2),IC50 [nM],Positive-High,purified MHC - fluorescence,8000.0,RT1-Bl
158273,1015369,1675480,QKSQRSQDENPV + CITR(R5),IC50 [nM],Positive-High,purified MHC - fluorescence,8000.0,RT1-Bl
158274,1015369,1675483,QKSQRSQDENPV + MCM(R5),IC50 [nM],Positive-High,purified MHC - fluorescence,8000.0,RT1-Bl
158858,1016566,1679266,LPFDKATIM,IC50 [nM],Positive-High,purified MHC - fluorescence,4456.6,HLA-B*07:02
158859,1016566,1679268,LPFEKTTIM,IC50 [nM],Positive-High,purified MHC - fluorescence,1191.2,HLA-B*07:02
158860,1016566,1679270,LPFERSTIM,IC50 [nM],Positive-High,purified MHC - fluorescence,3235.9,HLA-B*07:02
158861,1016566,1679272,LPFDKITIM,IC50 [nM],Positive-High,purified MHC - fluorescence,4808.4,HLA-B*07:02
158862,1016566,1679274,LPFERATIM,IC50 [nM],Positive-High,purified MHC - fluorescence,696.6,HLA-B*07:02
158863,1016566,1679311,LPFGKTTIM,IC50 [nM],Positive-High,purified MHC - fluorescence,881.0,HLA-B*07:02
158865,1016566,1679315,LPFDKSTIM,IC50 [nM],Positive-High,purified MHC - fluorescence,3467.4,HLA-B*07:02
158866,1016566,1679317,LPFDKSTVM,IC50 [nM],Positive-High,purified MHC - fluorescence,1309.2,HLA-B*07:02
158867,1016566,1679319,LPFERATVM,IC50 [nM],Positive-High,purified MHC - fluorescence,2162.7,HLA-B*07:02
158870,1016566,1679326,LPFEKSTVM,IC50 [nM],Positive-High,purified MHC - fluorescence,1129.8,HLA-B*07:02
158873,1016566,1679332,LPFERATII,IC50 [nM],Positive-High,purified MHC - fluorescence,1183.0,HLA-B*07:02
159034,315263,1682179,ALGQGPQFIFQYYEEEERQRG,IC50 [nM],Positive-High,purified MHC - fluorescence,1000.0,HLA-DRB1*15:01
159044,315263,1682189,ALGQGPQFIFQYYEEEERQRG,IC50 [nM],Positive-High,purified MHC - fluorescence,2000.0,HLA-DRB5*01:01
159157,1016701,1685818,HGRQIRMARLLGRDPE,IC50 [nM],Positive-High,purified MHC - fluorescence,800.0,HLA-DRB1*03:01
159159,1016701,1685820,HGRQIRMAKLFGRDPE,IC50 [nM],Positive-High,purified MHC - fluorescence,800.0,HLA-DRB1*03:01
159160,1016701,1685821,HGRQIRMAKLLTRDPE,IC50 [nM],Positive-High,purified MHC - fluorescence,600.0,HLA-DRB1*03:01
160006,1006951,1690368,RIHMVYSKRSGKPRGYAFIEY,IC50 [nM],Positive-High,purified MHC - fluorescence,1000.0,HLA-DR3
160022,1006951,1690384,RIHMVYSKRSGKPRGYAFIEY,IC50 [nM],Positive-High,purified MHC - fluorescence,3333.0,HLA-DR13
160024,1006951,1690386,YVSRYFGSAIRHEPKMKIYRG,IC50 [nM],Positive-High,purified MHC - fluorescence,850.0,HLA-DR13
160706,1018123,1700267,QKSQRSQAENPV,KD [nM],Positive-High,purified MHC - fluorescence,5000.0,RT1-B1
160708,1018123,1700282,TFGLQLEAT,KD [nM],Positive-High,purified MHC - fluorescence,10000.0,RT1-B1
161183,1018028,1706904,TGTEKLIETYFSKNYQDYEYL,IC50 [nM],Positive-High,cell bound MHC - fluorescence,700.0,HLA-DRB1*15:01
161184,1018028,1706920,GFYTTGAVRQIFGDYKTT,IC50 [nM],Positive-High,cell bound MHC - fluorescence,1000.0,HLA-DRB5*01:01
162950,1007203,1717835,VAPVIKARMMEYGTT,IC50 [nM],Positive-High,purified MHC - fluorescence,600.0,H-2-IAg7
162956,1007203,1717841,AATHQDIDFLIEEIE,IC50 [nM],Positive-High,purified MHC - fluorescence,700.0,H-2-IAg7
163729,1019507,1718769,TVNPIVTEK,KD [nM],Positive-High,purified MHC - fluorescence,14525.0,HLA-A*31:01
180550,1006834,1736955,HLKELIARNTWTLKKL,IC50 [nM],Positive-High,purified MHC - fluorescence,5000.0,HLA-DR3
180555,1006834,1736960,RNTRNLTYIDPDALKE,IC50 [nM],Positive-High,purified MHC - fluorescence,1000.0,HLA-DR3
198564,315194,1762225,TSICSLYQLENYCN,IC50 [nM],Positive-High,purified MHC - radioactivity,4100.0,HLA-DRB1*04:06
199024,1017629,1770977,PRHFDGGEHNAQFDHEAFLG,IC50 [nM],Positive-High,purified MHC - radioactivity,560.0,HLA-DQ2
199030,1017629,1770983,HNAQFDHEAFL,IC50 [nM],Positive-High,purified MHC - radioactivity,770.0,HLA-DQ2
199590,1017350,1779000,IQRIPSLPPSTQTLKLIET,IC50 [nM],Positive-High,purified MHC - fluorescence,2100.0,HLA-DR7
199592,1017350,1779003,LKLIETHLRTIPSHAFSNL,IC50 [nM],Positive-High,purified MHC - fluorescence,670.0,HLA-DR2
199594,1017350,1779005,LKLIETHLRTIPSHAFSNL,IC50 [nM],Positive-High,purified MHC - fluorescence,1900.0,HLA-DR5
199597,1017350,1779023,HAFSNLPNISRIYVSIDVT,IC50 [nM],Positive-High,purified MHC - fluorescence,9500.0,HLA-DR2
199600,1017350,1779026,HAFSNLPNISRIYVSIDVT,IC50 [nM],Positive-High,purified MHC - fluorescence,1400.0,HLA-DR7
199610,1017350,1779036,FYNLSKVTHIEIRNTR,IC50 [nM],Positive-High,purified MHC - fluorescence,900.0,HLA-DR7
199613,1017350,1779039,RNTRNLTYIDPDALKE,IC50 [nM],Positive-High,purified MHC - fluorescence,5500.0,HLA-DR3
199622,1017350,1779048,GIFNTGLKMFPDLTKVYST,IC50 [nM],Positive-High,purified MHC - fluorescence,1100.0,HLA-DR2
199623,1017350,1779049,GIFNTGLKMFPDLTKVYST,IC50 [nM],Positive-High,purified MHC - fluorescence,640.0,HLA-DR3
199624,1017350,1779050,GIFNTGLKMFPDLTKVYST,IC50 [nM],Positive-High,purified MHC - fluorescence,1700.0,HLA-DR5
199640,1017350,1779067,FQGLCNETLTLKLYN,IC50 [nM],Positive-High,purified MHC - fluorescence,4300.0,HLA-DR7
199642,1017350,1779069,KLYNNGFTSVQGYAFN,IC50 [nM],Positive-High,purified MHC - fluorescence,9500.0,HLA-DR2
199645,1017350,1779072,KLYNNGFTSVQGYAFN,IC50 [nM],Positive-High,purified MHC - fluorescence,800.0,HLA-DR7
199665,1017350,1779134,GPSLLDVSQTSVTALP,IC50 [nM],Positive-High,purified MHC - fluorescence,1160.0,HLA-DR7
199680,1017350,1779149,WTLKKLPLSLSFLHLTRADL,IC50 [nM],Positive-High,purified MHC - fluorescence,4000.0,HLA-DR7
199682,1017350,1779151,LTRADLSYPSHCCAFKNQKK,IC50 [nM],Positive-High,purified MHC - fluorescence,9500.0,HLA-DR2
199686,1017350,1779155,FKNQKKIRGILESLMCNESS,IC50 [nM],Positive-High,purified MHC - fluorescence,8000.0,HLA-DR1
199695,1017350,1779164,CNESSMQSLRQRKSVNALNS,IC50 [nM],Positive-High,purified MHC - fluorescence,3000.0,HLA-DR7
199714,1017350,1779184,EEQEDEIIGFGQELKNPQEE,IC50 [nM],Positive-High,purified MHC - fluorescence,9500.0,HLA-DR5
199720,1017350,1779190,KNPQEETLQAFDSHYDYTIC,IC50 [nM],Positive-High,purified MHC - fluorescence,9300.0,HLA-DR7
199726,1017350,1779197,TPKSDEFNPCEDIMGYKFLR,IC50 [nM],Positive-High,purified MHC - fluorescence,4200.0,HLA-DR1
199729,1017350,1779200,TPKSDEFNPCEDIMGYKFLR,IC50 [nM],Positive-High,purified MHC - fluorescence,9200.0,HLA-DR5
199732,1017350,1779458,PKYVKQNTLKLAT,IC50 [nM],Positive-High,purified MHC - fluorescence,550.0,HLA-DR1
199847,1019920,1781395,IQRIPSLPPSTQTLKLIET,IC50 [nM],Positive-High,purified MHC - fluorescence,2100.0,HLA-DR7
199853,1019920,1781401,HAFSNLPNISRIYVSIDVT,IC50 [nM],Positive-High,purified MHC - fluorescence,1400.0,HLA-DR7
199859,1019920,1781407,FYNLSKVTHIEIRNTR,IC50 [nM],Positive-High,purified MHC - fluorescence,900.0,HLA-DR7
199861,1019920,1781409,RNTRNLTYIDPDALKE,IC50 [nM],Positive-High,purified MHC - fluorescence,5500.0,HLA-DR3
199867,1019920,1781415,GIFNTGLKMFPDLTKVYST,IC50 [nM],Positive-High,purified MHC - fluorescence,640.0,HLA-DR3
199871,1019920,1781419,TKVYSTDIFFILEITDNPY,IC50 [nM],Positive-High,purified MHC - fluorescence,10000.0,HLA-DR7
199877,1019920,1781425,FQGLCNETLTLKLYN,IC50 [nM],Positive-High,purified MHC - fluorescence,4300.0,HLA-DR7
199880,1019920,1781428,KLYNNGFTSVQGYAFN,IC50 [nM],Positive-High,purified MHC - fluorescence,800.0,HLA-DR7
199892,1019920,1781440,GPSLLDVSQTSVTALP,IC50 [nM],Positive-High,purified MHC - fluorescence,1200.0,HLA-DR7
199901,1019920,1781449,WTLKKLPLSLSFLHLTRADL,IC50 [nM],Positive-High,purified MHC - fluorescence,4000.0,HLA-DR7
199910,1019920,1781458,CNESSMQSLRQRKSVNALNS,IC50 [nM],Positive-High,purified MHC - fluorescence,3000.0,HLA-DR7
199925,1019920,1781473,KNPQEETLQAFDSHYDYTIC,IC50 [nM],Positive-High,purified MHC - fluorescence,9300.0,HLA-DR7
199933,1019920,1781485,HIEIRNTRNLTYID,IC50 [nM],Positive-High,purified MHC - fluorescence,10000.0,HLA-DR3
199935,1019920,1781487,HIEIRNTRNLTYID,IC50 [nM],Positive-High,purified MHC - fluorescence,10000.0,HLA-DRB1*03:02
199940,1019920,1781492,LSFLHLTRADLSYPSHC,IC50 [nM],Positive-High,purified MHC - fluorescence,600.0,HLA-DR7
199943,1019920,1781495,EKSKFQDTHNNAHY,IC50 [nM],Positive-High,purified MHC - fluorescence,8500.0,HLA-DR7
199951,1019920,1781503,VTHIEIRNTRNLTYIDP,IC50 [nM],Positive-High,purified MHC - fluorescence,4800.0,HLA-DR7
199954,1019920,1781506,SLSFLHLTRADLSYPSHCC,IC50 [nM],Positive-High,purified MHC - fluorescence,5000.0,HLA-DR3
199955,1019920,1781507,SLSFLHLTRADLSYPSHCC,IC50 [nM],Positive-High,purified MHC - fluorescence,4000.0,HLA-DR7
199960,1019920,1781512,PKYVKQNTLKLAT,IC50 [nM],Positive-High,purified MHC - fluorescence,600.0,HLA-DRB1*03:02
200097,1019763,1783056,YLVTRHADV,IC50 [nM],Positive-High,purified MHC - fluorescence,4800.0,HLA-A*02:01
200099,1019763,1783058,CINGVSWTV,IC50 [nM],Positive-High,purified MHC - fluorescence,1271.0,HLA-A*02:01
200100,1019763,1783059,YINGVCWTV,IC50 [nM],Positive-High,purified MHC - fluorescence,1627.0,HLA-A*02:01
200109,1019763,1783068,SLYNTVATL,IC50 [nM],Positive-High,purified MHC - fluorescence,4248.0,HLA-A*02:01
200471,1072,1792505,FVKQNAP + D-aa(P7),IC50 [nM],Positive-High,purified MHC - fluorescence,8000.0,HLA-DR1
201551,1020396,1796489,RRFFPYYV,EC50 [nM],Positive-High,cell bound MHC - fluorescence,7000.0,HLA-B*27:05
201554,1020396,1796498,RRFFPYYVY,EC50 [nM],Positive-High,cell bound MHC - fluorescence,2000.0,HLA-B*27:05
201556,1020396,1796503,SRRFFPYYV,EC50 [nM],Positive-High,cell bound MHC - fluorescence,2000.0,HLA-B*27:05
201557,1020396,1796506,SRRFFPYYVY,EC50 [nM],Positive-High,cell bound MHC - fluorescence,6000.0,HLA-B*27:05
201559,1020396,1796510,RRFFPYYVYN,EC50 [nM],Positive-High,cell bound MHC - fluorescence,2000.0,HLA-B*27:05
201560,1020396,1796512,RRFFPYYVYNI,EC50 [nM],Positive-High,cell bound MHC - fluorescence,1000.0,HLA-B*27:05
201687,1019861,1797152,FWADYEEEWR + ACET(F1),IC50 [nM],Positive-High,cell bound MHC - radioactivity,1100.0,HLA-DQA1*05:01/DQB1*02:01
201698,1019861,1797173,NALSGDVWD + ACET(N1),IC50 [nM],Positive-High,cell bound MHC - radioactivity,600.0,HLA-DQA1*05:01/DQB1*02:01
201759,1020404,1798231,RRFFPYYV,EC50 [nM],Positive-High,cell bound MHC - fluorescence,5000.0,HLA-B*27:05
201862,1020397,1799141,PKAVKQNTLKLAT,KD [nM],Positive-High,purified MHC - fluorescence,9000.0,HLA-DRA*01:01/DRB1*01:01 G86Y mutant
203468,1020296,1812309,KECVLHDDL,IC50 [nM],Positive-High,cell bound MHC - fluorescence,5300.0,HLA-B60
203469,1020296,1812311,KECVLRDDL,IC50 [nM],Positive-High,cell bound MHC - fluorescence,3900.0,HLA-B60
203470,1020296,1812312,KECVLHDDLL,IC50 [nM],Positive-High,cell bound MHC - fluorescence,1000.0,HLA-B60
203471,1020296,1812313,KECVLRDDLL,IC50 [nM],Positive-High,cell bound MHC - fluorescence,1600.0,HLA-B60
203472,1020296,1812314,KESTLHLVL,IC50 [nM],Positive-High,cell bound MHC - fluorescence,1100.0,HLA-B60
203553,315282,1813478,RRFFPYYV,EC50 [nM],Positive-High,cell bound MHC - fluorescence,4000.0,HLA-B*27:02
203555,315282,1813482,RRFFPYYV,EC50 [nM],Positive-High,cell bound MHC - fluorescence,4000.0,HLA-B*27:04
203560,315282,1813494,RRFFPYYVY,EC50 [nM],Positive-High,cell bound MHC - fluorescence,2000.0,HLA-B*27:05
203561,315282,1813495,RRFFPYYVY,EC50 [nM],Positive-High,cell bound MHC - fluorescence,3000.0,HLA-B*27:02
203563,315282,1813497,RRFFPYYVY,EC50 [nM],Positive-High,cell bound MHC - fluorescence,3000.0,HLA-B*27:04
203566,315282,1813500,RRFFPYYVY,EC50 [nM],Positive-High,cell bound MHC - fluorescence,1000.0,HLA-B*27:01
204064,1003588,1818241,SPATWTTRGFVFTRHSQTTA,IC50 [nM],Positive-High,purified MHC - fluorescence,1000.0,HLA-DRB1*07:01
204065,1003588,1818242,SPATWTTRGFVFTRHSQTTA,IC50 [nM],Positive-High,purified MHC - fluorescence,1000.0,HLA-DR1
204067,1003588,1818246,VFTRHSQTTAIPSCPEGTVPL,IC50 [nM],Positive-High,purified MHC - fluorescence,1000.0,HLA-DRB1*07:01
204070,1003588,1818249,TTAIPSCPEGTVPLYSGFSF,IC50 [nM],Positive-High,purified MHC - fluorescence,1000.0,HLA-DRB1*07:01
204073,1003588,1818252,GTVPLYSGFSFLFVQGNQRAHG,IC50 [nM],Positive-High,purified MHC - fluorescence,1000.0,HLA-DRB1*07:01
204074,1003588,1818253,GTVPLYSGFSFLFVQGNQRAHG,IC50 [nM],Positive-High,purified MHC - fluorescence,1000.0,HLA-DR1
204077,1003588,1818257,LYSGFSFLFVQGNQRAHGQD,IC50 [nM],Positive-High,purified MHC - fluorescence,1000.0,HLA-DR1
204082,1003588,1818263,LGTLGSCLQRFTTMPFLFCN,IC50 [nM],Positive-High,purified MHC - fluorescence,1000.0,HLA-DRB1*07:01
204083,1003588,1818264,LGTLGSCLQRFTTMPFLFCN,IC50 [nM],Positive-High,purified MHC - fluorescence,1000.0,HLA-DR1
204089,1003588,1818271,VNDVCNFASRNDYSYWLSTPA,IC50 [nM],Positive-High,purified MHC - fluorescence,1000.0,HLA-DR1
204091,1003588,1818278,NDYSYWLSTPALMPMNMAPI,IC50 [nM],Positive-High,purified MHC - fluorescence,1000.0,HLA-DRB1*07:01
204092,1003588,1818279,NDYSYWLSTPALMPMNMAPI,IC50 [nM],Positive-High,purified MHC - fluorescence,1000.0,HLA-DR1
204094,1003588,1818281,ALMPMNMAPITGRALEPYIS,IC50 [nM],Positive-High,purified MHC - fluorescence,1000.0,HLA-DRB1*07:01
204095,1003588,1818282,ALMPMNMAPITGRALEPYIS,IC50 [nM],Positive-High,purified MHC - fluorescence,1000.0,HLA-DR1
204099,1003588,1818286,TGRALEPYISRCTVCEGPAI,IC50 [nM],Positive-High,purified MHC - fluorescence,1000.0,HLA-DRB1*15:01
204101,1003588,1818288,RCTVCEGPAIAIAVHSQTTD,IC50 [nM],Positive-High,purified MHC - fluorescence,1000.0,HLA-DR1
204109,1003588,1818296,LWKGFSFIMFTSAGSEGTGQ,IC50 [nM],Positive-High,purified MHC - fluorescence,1000.0,HLA-DRB1*07:01
204110,1003588,1818297,LWKGFSFIMFTSAGSEGTGQ,IC50 [nM],Positive-High,purified MHC - fluorescence,1000.0,HLA-DR1
204111,1003588,1818298,LWKGFSFIMFTSAGSEGTGQ,IC50 [nM],Positive-High,purified MHC - fluorescence,1000.0,HLA-DRB1*15:01
204115,1003588,1818302,ALASPGSCLEEFRASPFLEC,IC50 [nM],Positive-High,purified MHC - fluorescence,1000.0,HLA-DRB1*07:01
204119,1003588,1818306,EFRASPFLECHGRGTCNYYS,IC50 [nM],Positive-High,purified MHC - fluorescence,1000.0,HLA-DR1
204121,1003588,1818308,HGRGTCNYYSNSYSFWLASL,IC50 [nM],Positive-High,purified MHC - fluorescence,1000.0,HLA-DRB1*07:01
204122,1003588,1818309,HGRGTCNYYSNSYSFWLASL,IC50 [nM],Positive-High,purified MHC - fluorescence,1000.0,HLA-DR1
204123,1003588,1818310,HGRGTCNYYSNSYSFWLASL,IC50 [nM],Positive-High,purified MHC - fluorescence,1000.0,HLA-DRB1*15:01
204124,1003588,1818311,NSYSFWLASLNPERMFRKPI,IC50 [nM],Positive-High,purified MHC - fluorescence,1000.0,HLA-DRB1*07:01
204125,1003588,1818312,NSYSFWLASLNPERMFRKPI,IC50 [nM],Positive-High,purified MHC - fluorescence,1000.0,HLA-DR1
204128,1003588,1818315,NPERMFRKPIPSTVKAGELE,IC50 [nM],Positive-High,purified MHC - fluorescence,1000.0,HLA-DR1
204193,1020105,1819566,RRFFPYYV,EC50 [nM],Positive-High,cell bound MHC - fluorescence,5000.0,HLA-B*27:05
204195,1020105,1819568,RRFAPYYV,EC50 [nM],Positive-High,cell bound MHC - fluorescence,8000.0,HLA-B*27:05
204197,1020105,1819570,RRFFPYAV,EC50 [nM],Positive-High,cell bound MHC - fluorescence,4000.0,HLA-B*27:05
204199,1020105,1819573,RRFYPYYV,EC50 [nM],Positive-High,cell bound MHC - fluorescence,6000.0,HLA-B*27:05
204200,1020105,1819574,RRFWPYYV,EC50 [nM],Positive-High,cell bound MHC - fluorescence,9000.0,HLA-B*27:05
204201,1020105,1819575,RRFLPYYV,EC50 [nM],Positive-High,cell bound MHC - fluorescence,4000.0,HLA-B*27:05
204202,1020105,1819576,RRFVPYYV,EC50 [nM],Positive-High,cell bound MHC - fluorescence,6000.0,HLA-B*27:05
204203,1020105,1819577,RRFIYYV,EC50 [nM],Positive-High,cell bound MHC - fluorescence,4000.0,HLA-B*27:05
204204,1020105,1819578,RRFFVYYV,EC50 [nM],Positive-High,cell bound MHC - fluorescence,6000.0,HLA-B*27:05
204205,1020105,1819579,RRFFIYYV,EC50 [nM],Positive-High,cell bound MHC - fluorescence,2000.0,HLA-B*27:05
204206,1020105,1819580,RRFFLYYV,EC50 [nM],Positive-High,cell bound MHC - fluorescence,3000.0,HLA-B*27:05
204207,1020105,1819581,RRFFPYHV,EC50 [nM],Positive-High,cell bound MHC - fluorescence,6000.0,HLA-B*27:05
204208,1020105,1819582,RRFFPYLV,EC50 [nM],Positive-High,cell bound MHC - fluorescence,5000.0,HLA-B*27:05
204209,1020105,1819583,RRFFPYFV,EC50 [nM],Positive-High,cell bound MHC - fluorescence,8000.0,HLA-B*27:05
204210,1020105,1819584,RRFFPYWV,EC50 [nM],Positive-High,cell bound MHC - fluorescence,5000.0,HLA-B*27:05
204211,1020105,1819585,RRFFPYVV,EC50 [nM],Positive-High,cell bound MHC - fluorescence,5000.0,HLA-B*27:05
204212,1020105,1819586,RRFFPYTV,EC50 [nM],Positive-High,cell bound MHC - fluorescence,8000.0,HLA-B*27:05
204761,1020087,1821545,LKLGEIVTTIPTIGF,IC50 [nM],Positive-High,purified MHC - fluorescence,1200.0,H-2-IEp
204763,1020087,1821547,TTRVNHATPSAAYA,IC50 [nM],Positive-High,purified MHC - fluorescence,5300.0,H-2-IEp
204768,1020087,1821552,MEKIVRITWSNPPAQ,IC50 [nM],Positive-High,purified MHC - fluorescence,2600.0,H-2-IEp
204769,1020087,1821553,YHTEIVFARTSPQQKL,IC50 [nM],Positive-High,purified MHC - fluorescence,3800.0,H-2-IEp
204771,1020087,1821555,SPPSTLTVYYSPETIGKR,IC50 [nM],Positive-High,purified MHC - fluorescence,1800.0,H-2-IEp
204774,1020087,1821558,EDKLIHFSGVA,IC50 [nM],Positive-High,purified MHC - fluorescence,5500.0,H-2-IEp
204775,1020087,1821559,ELRPTLNELGISTPEELGLDKV,IC50 [nM],Positive-High,purified MHC - fluorescence,2700.0,H-2-IEp
204778,1020087,1821562,ASQHKLTLSEVTGQGL,IC50 [nM],Positive-High,purified MHC - fluorescence,750.0,H-2-IEp
204780,1020087,1821564,TGTTALVATKQFEQLQ,IC50 [nM],Positive-High,purified MHC - fluorescence,8800.0,H-2-IEp
204781,1020087,1821565,MSKLLATVVSGQRQ,IC50 [nM],Positive-High,purified MHC - fluorescence,4400.0,H-2-IEp
204793,1020087,1821577,SKLVIITAGARQQEG,IC50 [nM],Positive-High,purified MHC - fluorescence,3600.0,H-2-IEp
204803,1020087,1821587,INKKRIALTDNSLIA,IC50 [nM],Positive-High,purified MHC - fluorescence,4700.0,H-2-IEp
204811,1020087,1821595,SPEGYVAFSKPTEVS,IC50 [nM],Positive-High,purified MHC - fluorescence,6200.0,H-2-IEp
204820,1020087,1821604,SPEGYVAFSGPTEVS,IC50 [nM],Positive-High,purified MHC - fluorescence,7900.0,H-2-IEp
204823,1020087,1821607,SPEGYVAFSKPTKVS,IC50 [nM],Positive-High,purified MHC - fluorescence,6500.0,H-2-IEp
204825,1020087,1821609,SPEGYVAFSKPTEVK,IC50 [nM],Positive-High,purified MHC - fluorescence,6500.0,H-2-IEp
204827,1020087,1821611,LKLGEIKTTIPTIGF,IC50 [nM],Positive-High,purified MHC - fluorescence,3300.0,H-2-IEp
204828,1020087,1821612,LKLGEIVKTIPTIGF,IC50 [nM],Positive-High,purified MHC - fluorescence,1600.0,H-2-IEp
204830,1020087,1821614,LKLGEIVTTKPTIGF,IC50 [nM],Positive-High,purified MHC - fluorescence,1700.0,H-2-IEp
204833,1020087,1821617,LKLGEIVTTIPTKGF,IC50 [nM],Positive-High,purified MHC - fluorescence,1500.0,H-2-IEp
204835,1020087,1821619,LKLGEIVTTIPTIGK,IC50 [nM],Positive-High,purified MHC - fluorescence,600.0,H-2-IEp
207652,1022229,1841878,SMMAFSAAL,EC50 [nM],Positive-High,cell bound MHC - fluorescence,33600.0,HLA-A2
211204,1022400,1858563,GERSLTTLLRALGAQ,IC50 [nM],Positive-High,purified MHC - radioactivity,9187.0,HLA-DRB1*04:05
213563,1022468,1865125,HVYAHQAQT,IC50 [nM],Positive-High,purified MHC - radioactivity,5500.0,HLA-A*02:01
213566,1022468,1865128,AALGLWLSV,IC50 [nM],Positive-High,purified MHC - radioactivity,3000.0,HLA-A*02:01
213570,1022468,1865132,AILIRVRNA,IC50 [nM],Positive-High,purified MHC - radioactivity,2800.0,HLA-A*02:01
213571,1022468,1865133,ELAAEPTEV,IC50 [nM],Positive-High,purified MHC - radioactivity,1800.0,HLA-A*02:01
213575,1022468,1865137,RTVSLPVGA,IC50 [nM],Positive-High,purified MHC - radioactivity,2500.0,HLA-A*02:01
251999,1022677,1939144,MLDDFSAGA,EC50 [nM],Positive-High,cell bound MHC - fluorescence,10000.0,HLA-A*02:01
252003,1022677,1939151,ILDRIITNA,EC50 [nM],Positive-High,cell bound MHC - fluorescence,4000.0,HLA-A*02:01
252005,1022677,1939154,SRGYFEHMKK,EC50 [nM],Positive-High,cell bound MHC - fluorescence,2000.0,HLA-B*27:05
252007,1022677,1939156,WQTMYTN,EC50 [nM],Positive-High,cell bound MHC - fluorescence,14000.0,HLA-B*27:05
252011,1022677,1939160,IAMKRTLLEL,EC50 [nM],Positive-High,cell bound MHC - fluorescence,19000.0,HLA-B51
252017,1022677,1939166,LPFGSLGI,EC50 [nM],Positive-High,cell bound MHC - fluorescence,18000.0,HLA-B51
252021,1022677,1939170,IPSPGIMLV,EC50 [nM],Positive-High,cell bound MHC - fluorescence,22000.0,HLA-B51
252027,1022677,1939176,MLDDFSAGAGVLDKDL,EC50 [nM],Positive-High,cell bound MHC - fluorescence,2000.0,HLA-Cw1
252031,1022677,1939180,DGLIIISI,EC50 [nM],Positive-High,cell bound MHC - fluorescence,18000.0,HLA-Cw1
252550,1024522,1942962,FLPSDFFPSV,IC50 [nM],Positive-High,purified MHC - fluorescence,530.0,HLA-A*02:01
255663,1025434,1969144,PAVLQSSGLYSLSSVVTVPSSSLGTQ,IC50 [nM],Positive-High,purified MHC - fluorescence,1230.0,HLA-DRB1*01:01
255666,1025434,1969147,PAVLQSSGLYSLSSVVTVPSSSLGTQ,IC50 [nM],Positive-High,purified MHC - fluorescence,3880.0,HLA-DRB1*07:01
255668,1025434,1969149,PAVLQSSGLYSLSSVVTVPSSSLGTQ,IC50 [nM],Positive-High,purified MHC - fluorescence,3850.0,HLA-DRB1*15:01
255669,1025434,1969150,EEQYNSTYRVVSVLTVLHQDW,IC50 [nM],Positive-High,purified MHC - fluorescence,1300.0,HLA-DRB1*01:01
255670,1025434,1969151,EEQYNSTYRVVSVLTVLHQDW,IC50 [nM],Positive-High,purified MHC - fluorescence,4350.0,HLA-DRB1*03:01
255671,1025434,1969152,EEQYNSTYRVVSVLTVLHQDW,IC50 [nM],Positive-High,purified MHC - fluorescence,2100.0,HLA-DRB1*04:01
255672,1025434,1969153,EEQYNSTYRVVSVLTVLHQDW,IC50 [nM],Positive-High,purified MHC - fluorescence,1000.0,HLA-DRB1*07:01
255673,1025434,1969154,EEQYNSTYRVVSVLTVLHQDW,IC50 [nM],Positive-High,purified MHC - fluorescence,1000.0,HLA-DRB1*11:01
255674,1025434,1969155,EEQYNSTYRVVSVLTVLHQDW,IC50 [nM],Positive-High,purified MHC - fluorescence,5890.0,HLA-DRB1*15:01
256252,1025905,1980474,DVNYAFLHATDLLPACDG,IC50 [nM],Positive-High,purified MHC - fluorescence,5000.0,HLA-DRB1*01:01
256253,1025905,1980475,DVNYAFLHATDLLPACDG,IC50 [nM],Positive-High,purified MHC - fluorescence,7500.0,HLA-DRB1*04:01
256254,1025905,1980476,DVNYAFLHATDLLPACDG,IC50 [nM],Positive-High,purified MHC - fluorescence,5000.0,HLA-DRB1*07:01
256261,1025905,1980487,GAISNMYAMMIARFKMFPEVKEKGM,IC50 [nM],Positive-High,purified MHC - fluorescence,5000.0,HLA-DRB1*01:01
256262,1025905,1980489,GAISNMYAMMIARFKMFPEVKEKGM,IC50 [nM],Positive-High,purified MHC - fluorescence,8700.0,HLA-DRB1*07:01
256263,1025905,1980490,GAISNMYAMMIARFKMFPEVKEKGM,IC50 [nM],Positive-High,purified MHC - fluorescence,5000.0,HLA-DRB1*15:01
256265,1025905,1980495,TTVYGAFDPLLAVAD,IC50 [nM],Positive-High,purified MHC - fluorescence,4100.0,HLA-DRB1*01:01
256270,1025905,1980500,CKKYKIWMHVDAAWGGGLL,IC50 [nM],Positive-High,purified MHC - fluorescence,6400.0,HLA-DRB1*04:01
256271,1025905,1980501,CKKYKIWMHVDAAWGGGLL,IC50 [nM],Positive-High,purified MHC - fluorescence,5000.0,HLA-DRB1*07:01
256274,1025905,1980504,GGLLMSRKHKWKLSGVERANSVTW,IC50 [nM],Positive-High,purified MHC - fluorescence,5000.0,HLA-DRB1*04:01
256275,1025905,1980505,GGLLMSRKHKWKLSGVERANSVTW,IC50 [nM],Positive-High,purified MHC - fluorescence,5000.0,HLA-DRB1*07:01
256285,1025905,1980515,YLYNIIKNREGYEMVFD,IC50 [nM],Positive-High,purified MHC - fluorescence,5000.0,HLA-DRB1*01:01
256286,1025905,1980516,YLYNIIKNREGYEMVFD,IC50 [nM],Positive-High,purified MHC - fluorescence,5700.0,HLA-DRB1*04:01
256288,1025905,1980518,YLYNIIKNREGYEMVFD,IC50 [nM],Positive-High,purified MHC - fluorescence,5000.0,HLA-DRB1*15:01
257329,1026752,1988819,IMSKDKPTI,IC50 [nM],Positive-High,purified MHC - fluorescence,1981.0,HLA-A*24:02
257331,1026752,1988821,KYVDYMSSL,IC50 [nM],Positive-High,purified MHC - fluorescence,507.1,HLA-A*24:02
261828,1026880,2007235,AEMLVLLENERTLDYYDS,IC50 [nM],Positive-High,purified MHC - fluorescence,620.0,HLA-DRB1*01:01
261834,1026880,2007241,ESARIYQILAIYSTVASTLV,IC50 [nM],Positive-High,purified MHC - fluorescence,960.0,HLA-DRB1*01:01
261838,1026880,2007245,ESARIYQILAIYSTVASTLV,IC50 [nM],Positive-High,purified MHC - fluorescence,720.0,HLA-DRB1*11:01
261849,1026880,2007256,IYQILVIYSTVASSLVLSVS,IC50 [nM],Positive-High,purified MHC - fluorescence,600.0,HLA-DRB1*07:01
261862,1026880,2007269,GAVSFWMCSNGSLQFRI,IC50 [nM],Positive-High,purified MHC - fluorescence,530.0,HLA-DRB1*11:01
261863,1026880,2007270,GAVSFWMCSNGSLQFRI,IC50 [nM],Positive-High,purified MHC - fluorescence,620.0,HLA-DRB1*15:01
261866,1026880,2007273,FMDIWTYNAELLVLLDNE,IC50 [nM],Positive-High,purified MHC - fluorescence,790.0,HLA-DRB1*04:01
261893,1026880,2007300,QNAINRITNKVNSVIKKM,IC50 [nM],Positive-High,purified MHC - fluorescence,540.0,HLA-DRB1*15:01
261911,1026880,2007318,SVLSVKLAGNSSLCSTSG,IC50 [nM],Positive-High,purified MHC - fluorescence,760.0,HLA-DRB1*15:01
282697,1027629,2104279,WMNRLIAFA,IC50 [nM],Positive-High,purified MHC - fluorescence,5000.0,HLA-A*02:01
282698,1027629,2104280,MLVCGDDLV,IC50 [nM],Positive-High,purified MHC - fluorescence,5000.0,HLA-A*02:01
282699,1027629,2104281,HMWNFISGI,IC50 [nM],Positive-High,purified MHC - fluorescence,5000.0,HLA-A*02:01
282700,1027629,2104282,SVIDCNTCV,IC50 [nM],Positive-High,purified MHC - fluorescence,5000.0,HLA-A*02:01
282701,1027629,2104283,WLGNIIMYA,IC50 [nM],Positive-High,purified MHC - fluorescence,5000.0,HLA-A*02:01
282702,1027629,2104284,RLWHYPCTV,IC50 [nM],Positive-High,purified MHC - fluorescence,5000.0,HLA-A*02:01
282704,1027629,2104286,ALSTGLIHL,IC50 [nM],Positive-High,purified MHC - fluorescence,5000.0,HLA-A*02:01
282705,1027629,2104287,DLMGYIPLV,IC50 [nM],Positive-High,purified MHC - fluorescence,5000.0,HLA-A*02:01
282707,1027629,2104289,MMMNWSPTT,IC50 [nM],Positive-High,purified MHC - fluorescence,5000.0,HLA-A*02:01
282708,1027629,2104290,SMVGNWAKV,IC50 [nM],Positive-High,purified MHC - fluorescence,5000.0,HLA-A*02:01
282711,1027629,2104293,QMWKCLIRL,IC50 [nM],Positive-High,purified MHC - fluorescence,5000.0,HLA-A*02:01
282712,1027629,2104294,IMAKNEVFCV,IC50 [nM],Positive-High,purified MHC - fluorescence,5000.0,HLA-A*02:01
282714,1027629,2104296,DLCGSVFLV,IC50 [nM],Positive-High,purified MHC - fluorescence,5000.0,HLA-A*02:01
282715,1027629,2104297,YLFNWAVRT,IC50 [nM],Positive-High,purified MHC - fluorescence,5000.0,HLA-A*02:01
282718,1027629,2104300,AQGYKVLVLNPSVAATLGFG,IC50 [nM],Positive-High,purified MHC - fluorescence,10000.0,HLA-DRB1*01:01
282719,1027629,2104301,AQGYKVLVLNPSVAATLGFG,IC50 [nM],Positive-High,purified MHC - fluorescence,10000.0,HLA-DRB1*03:01
282720,1027629,2104302,AQGYKVLVLNPSVAATLGFG,IC50 [nM],Positive-High,purified MHC - fluorescence,10000.0,HLA-DRB1*04:01
282721,1027629,2104303,AQGYKVLVLNPSVAATLGFG,IC50 [nM],Positive-High,purified MHC - fluorescence,10000.0,HLA-DRB1*07:01
282722,1027629,2104304,AQGYKVLVLNPSVAATLGFG,IC50 [nM],Positive-High,purified MHC - fluorescence,10000.0,HLA-DRB1*11:01
282723,1027629,2104305,AQGYKVLVLNPSVAATLGFG,IC50 [nM],Positive-High,purified MHC - fluorescence,10000.0,HLA-DRB1*15:01
282724,1027629,2104318,ISGIQYLAGLSTLPGNPA,IC50 [nM],Positive-High,purified MHC - fluorescence,10000.0,HLA-DRB1*01:01
282726,1027629,2104320,ISGIQYLAGLSTLPGNPA,IC50 [nM],Positive-High,purified MHC - fluorescence,10000.0,HLA-DRB1*04:01
282728,1027629,2104322,ISGIQYLAGLSTLPGNPA,IC50 [nM],Positive-High,purified MHC - fluorescence,10000.0,HLA-DRB1*11:01
282729,1027629,2104323,ISGIQYLAGLSTLPGNPA,IC50 [nM],Positive-High,purified MHC - fluorescence,10000.0,HLA-DRB1*15:01
282734,1027629,2104328,AARVTQILSSLTITQLLKRLHQWI,IC50 [nM],Positive-High,purified MHC - fluorescence,10000.0,HLA-DRB1*11:01
282736,1027629,2104330,KLPINALSNSLLRHH,IC50 [nM],Positive-High,purified MHC - fluorescence,10000.0,HLA-DRB1*01:01
282741,1027629,2104335,KLPINALSNSLLRHH,IC50 [nM],Positive-High,purified MHC - fluorescence,10000.0,HLA-DRB1*15:01
282745,1027629,2104339,AEQFKQKALGLLQTASRQAE,IC50 [nM],Positive-High,purified MHC - fluorescence,10000.0,HLA-DRB1*07:01
282746,1027629,2104340,AEQFKQKALGLLQTASRQAE,IC50 [nM],Positive-High,purified MHC - fluorescence,10000.0,HLA-DRB1*11:01
282748,1027629,2104348,LMAFTAAVTSPLTTS,IC50 [nM],Positive-High,purified MHC - fluorescence,10000.0,HLA-DRB1*01:01
282749,1027629,2104349,LMAFTAAVTSPLTTS,IC50 [nM],Positive-High,purified MHC - fluorescence,10000.0,HLA-DRB1*03:01
282750,1027629,2104350,LMAFTAAVTSPLTTS,IC50 [nM],Positive-High,purified MHC - fluorescence,10000.0,HLA-DRB1*04:01
282751,1027629,2104351,LMAFTAAVTSPLTTS,IC50 [nM],Positive-High,purified MHC - fluorescence,10000.0,HLA-DRB1*07:01
282753,1027629,2104353,LMAFTAAVTSPLTTS,IC50 [nM],Positive-High,purified MHC - fluorescence,10000.0,HLA-DRB1*15:01
282755,1027629,2104355,WARMILMTHFFSVLIARDQLEQ,IC50 [nM],Positive-High,purified MHC - fluorescence,10000.0,HLA-DRB1*03:01
282756,1027629,2104356,WARMILMTHFFSVLIARDQLEQ,IC50 [nM],Positive-High,purified MHC - fluorescence,10000.0,HLA-DRB1*04:01
282757,1027629,2104357,WARMILMTHFFSVLIARDQLEQ,IC50 [nM],Positive-High,purified MHC - fluorescence,10000.0,HLA-DRB1*07:01
282759,1027629,2104359,WARMILMTHFFSVLIARDQLEQ,IC50 [nM],Positive-High,purified MHC - fluorescence,10000.0,HLA-DRB1*15:01
282764,1027629,2104376,DQMWKCLIRLKPTLHGPTP,IC50 [nM],Positive-High,purified MHC - fluorescence,10000.0,HLA-DRB1*11:01
282766,1027629,2104378,CGKYLFNWAVRTKLKLT,IC50 [nM],Positive-High,purified MHC - fluorescence,10000.0,HLA-DRB1*01:01
282769,1027629,2104381,CGKYLFNWAVRTKLKLT,IC50 [nM],Positive-High,purified MHC - fluorescence,10000.0,HLA-DRB1*07:01
282770,1027629,2104382,CGKYLFNWAVRTKLKLT,IC50 [nM],Positive-High,purified MHC - fluorescence,10000.0,HLA-DRB1*11:01
282771,1027629,2104383,CGKYLFNWAVRTKLKLT,IC50 [nM],Positive-High,purified MHC - fluorescence,10000.0,HLA-DRB1*15:01
282772,1027629,2104384,GIAYFSMVGNWAKVL,IC50 [nM],Positive-High,purified MHC - fluorescence,10000.0,HLA-DRB1*01:01
282774,1027629,2104386,GIAYFSMVGNWAKVL,IC50 [nM],Positive-High,purified MHC - fluorescence,10000.0,HLA-DRB1*04:01
282775,1027629,2104387,GIAYFSMVGNWAKVL,IC50 [nM],Positive-High,purified MHC - fluorescence,10000.0,HLA-DRB1*07:01
282777,1027629,2104389,GIAYFSMVGNWAKVL,IC50 [nM],Positive-High,purified MHC - fluorescence,10000.0,HLA-DRB1*15:01
282781,1027629,2104393,VPYFVRVQGLLRICALARKAV,IC50 [nM],Positive-High,purified MHC - fluorescence,10000.0,HLA-DRB1*07:01
282782,1027629,2104394,VPYFVRVQGLLRICALARKAV,IC50 [nM],Positive-High,purified MHC - fluorescence,10000.0,HLA-DRB1*11:01
282783,1027629,2104395,VPYFVRVQGLLRICALARKAV,IC50 [nM],Positive-High,purified MHC - fluorescence,10000.0,HLA-DRB1*15:01
282787,1027629,2104405,VPPLRVWRHRARSVRAKLLSQGGRA,IC50 [nM],Positive-High,purified MHC - fluorescence,10000.0,HLA-DRB1*07:01
282788,1027629,2104406,VPPLRVWRHRARSVRAKLLSQGGRA,IC50 [nM],Positive-High,purified MHC - fluorescence,10000.0,HLA-DRB1*11:01
282789,1027629,2104407,VPPLRVWRHRARSVRAKLLSQGGRA,IC50 [nM],Positive-High,purified MHC - fluorescence,10000.0,HLA-DRB1*15:01
282958,1027629,2115182,VDLLVNLLPAILSPGA,IC50 [nM],Positive-High,purified MHC - fluorescence,10000.0,HLA-DRB1*01:01
282962,1027629,2115186,VDLLVNLLPAILSPGA,IC50 [nM],Positive-High,purified MHC - fluorescence,10000.0,HLA-DRB1*11:01
282963,1027629,2115187,VDLLVNLLPAILSPGA,IC50 [nM],Positive-High,purified MHC - fluorescence,10000.0,HLA-DRB1*15:01
282964,1027629,2115198,LENLVVLNAASVAGAHW,IC50 [nM],Positive-High,purified MHC - fluorescence,10000.0,HLA-DRB1*01:01
282966,1027629,2115200,LENLVVLNAASVAGAHW,IC50 [nM],Positive-High,purified MHC - fluorescence,10000.0,HLA-DRB1*04:01
282967,1027629,2115201,LENLVVLNAASVAGAHW,IC50 [nM],Positive-High,purified MHC - fluorescence,10000.0,HLA-DRB1*07:01
282969,1027629,2115203,LENLVVLNAASVAGAHW,IC50 [nM],Positive-High,purified MHC - fluorescence,10000.0,HLA-DRB1*15:01
282974,1027629,2115214,LGNIIQRLHGLSAFSLHSY,IC50 [nM],Positive-High,purified MHC - fluorescence,10000.0,HLA-DRB1*11:01
282982,1027629,2115233,AYCLWMMLLISQAEAALELIT,IC50 [nM],Positive-High,purified MHC - fluorescence,10000.0,HLA-DRB1*01:01
282985,1027629,2115236,AYCLWMMLLISQAEAALELIT,IC50 [nM],Positive-High,purified MHC - fluorescence,10000.0,HLA-DRB1*07:01
282987,1027629,2115238,AYCLWMMLLISQAEAALELIT,IC50 [nM],Positive-High,purified MHC - fluorescence,10000.0,HLA-DRB1*15:01
282988,1027629,2115245,AAILRRHIDLLVGSATLCSALY,IC50 [nM],Positive-High,purified MHC - fluorescence,10000.0,HLA-DRB1*01:01
282991,1027629,2115248,AAILRRHIDLLVGSATLCSALY,IC50 [nM],Positive-High,purified MHC - fluorescence,10000.0,HLA-DRB1*07:01
282993,1027629,2115250,AAILRRHIDLLVGSATLCSALY,IC50 [nM],Positive-High,purified MHC - fluorescence,10000.0,HLA-DRB1*15:01
282994,1027629,2115257,PGEINRVASCLRKLGVPPLRAY,IC50 [nM],Positive-High,purified MHC - fluorescence,10000.0,HLA-DRB1*01:01
282998,1027629,2115261,PGEINRVASCLRKLGVPPLRAY,IC50 [nM],Positive-High,purified MHC - fluorescence,10000.0,HLA-DRB1*11:01
282999,1027629,2115262,PGEINRVASCLRKLGVPPLRAY,IC50 [nM],Positive-High,purified MHC - fluorescence,10000.0,HLA-DRB1*15:01
283073,315179,2117509,RRYLENGKETL,EC50 [nM],Positive-High,cell bound MHC - fluorescence,700.0,HLA-B*27:06
283080,315179,2117519,RRRWRRLTV,EC50 [nM],Positive-High,cell bound MHC - fluorescence,800.0,HLA-B*27:04
283082,315179,2117521,RRRWRRLTV,EC50 [nM],Positive-High,cell bound MHC - fluorescence,700.0,HLA-B*27:05
283083,315179,2117522,RRRWRRLTV,EC50 [nM],Positive-High,cell bound MHC - fluorescence,3000.0,HLA-B*27:03
